request#,latency_ms,success
1,2.90,yes
2,4.07,yes
3,3.81,yes
4,3.98,yes
5,4.02,yes
6,3.73,yes
7,4.04,yes
8,3.57,yes
9,3.94,yes
10,4.37,yes
11,4.37,yes
12,4.21,yes
13,4.13,yes
14,4.20,yes
15,4.05,yes
16,3.84,yes
17,3.98,yes
18,4.62,yes
19,3.88,yes
20,4.67,yes
21,3.98,yes
22,6.67,yes
23,4.07,yes
24,3.65,yes
25,4.21,yes
26,4.08,yes
27,4.58,yes
28,4.59,yes
29,3.83,yes
30,4.07,yes
31,3.94,yes
32,3.74,yes
33,3.88,yes
34,3.66,yes
35,4.86,yes
36,4.00,yes
37,6.70,yes
38,3.92,yes
39,4.04,yes
40,3.81,yes
41,3.78,yes
42,4.17,yes
43,4.32,yes
44,3.94,yes
45,4.16,yes
46,3.80,yes
47,4.39,yes
48,3.93,yes
49,4.00,yes
50,4.45,yes
51,4.42,yes
52,3.82,yes
53,4.16,yes
54,4.54,yes
55,3.65,yes
56,3.98,yes
57,4.15,yes
58,4.13,yes
59,3.78,yes
60,3.59,yes
61,4.23,yes
62,3.52,yes
63,3.99,yes
64,4.03,yes
65,4.33,yes
66,4.55,yes
67,3.98,yes
68,3.81,yes
69,4.40,yes
70,4.00,yes
71,3.81,yes
72,4.30,yes
73,3.90,yes
74,4.01,yes
75,3.88,yes
76,4.14,yes
77,4.53,yes
78,4.02,yes
79,3.66,yes
80,3.64,yes
81,4.78,yes
82,4.38,yes
83,4.11,yes
84,3.90,yes
85,3.71,yes
86,3.69,yes
87,3.71,yes
88,4.45,yes
89,3.90,yes
90,3.82,yes
91,4.66,yes
92,3.90,yes
93,4.04,yes
94,3.98,yes
95,3.94,yes
96,3.87,yes
97,3.72,yes
98,4.31,yes
99,4.33,yes
100,3.80,yes
101,3.78,yes
102,4.42,yes
103,4.04,yes
104,4.24,yes
105,3.81,yes
106,3.97,yes
107,4.40,yes
108,3.82,yes
109,4.27,yes
110,4.39,yes
111,5.87,yes
112,4.22,yes
113,4.31,yes
114,3.65,yes
115,3.99,yes
116,3.76,yes
117,4.22,yes
118,4.35,yes
119,4.62,yes
120,3.61,yes
121,3.82,yes
122,3.89,yes
123,4.37,yes
124,4.02,yes
125,4.15,yes
126,4.09,yes
127,3.84,yes
128,7.32,yes
129,3.96,yes
130,4.03,yes
131,3.67,yes
132,4.15,yes
133,3.89,yes
134,4.23,yes
135,3.99,yes
136,3.95,yes
137,3.87,yes
138,3.52,yes
139,3.11,yes
140,3.75,yes
141,3.52,yes
142,3.64,yes
143,3.78,yes
144,4.04,yes
145,4.17,yes
146,4.38,yes
147,4.78,yes
148,4.24,yes
149,4.01,yes
150,3.90,yes
151,4.39,yes
152,4.48,yes
153,3.95,yes
154,4.50,yes
155,3.83,yes
156,4.51,yes
157,3.77,yes
158,3.81,yes
159,4.08,yes
160,3.73,yes
161,4.21,yes
162,4.37,yes
163,4.29,yes
164,3.80,yes
165,4.57,yes
166,4.59,yes
167,3.89,yes
168,3.80,yes
169,3.81,yes
170,4.56,yes
171,3.94,yes
172,4.22,yes
173,4.37,yes
174,4.02,yes
175,4.31,yes
176,4.03,yes
177,4.02,yes
178,3.82,yes
179,4.10,yes
180,3.83,yes
181,3.65,yes
182,4.06,yes
183,4.55,yes
184,6.83,yes
185,4.45,yes
186,3.94,yes
187,3.72,yes
188,3.80,yes
189,3.79,yes
190,3.94,yes
191,3.93,yes
192,4.13,yes
193,4.30,yes
194,4.54,yes
195,3.68,yes
196,5.48,yes
197,4.06,yes
198,4.41,yes
199,4.10,yes
200,4.46,yes
201,3.73,yes
202,3.62,yes
203,4.23,yes
204,3.72,yes
205,4.02,yes
206,4.18,yes
207,4.27,yes
208,3.78,yes
209,4.20,yes
210,4.68,yes
211,4.48,yes
212,3.89,yes
213,3.98,yes
214,4.62,yes
215,3.77,yes
216,3.81,yes
217,4.26,yes
218,3.68,yes
219,3.61,yes
220,4.45,yes
221,3.75,yes
222,3.90,yes
223,4.34,yes
224,4.06,yes
225,4.03,yes
226,3.63,yes
227,3.75,yes
228,3.82,yes
229,3.90,yes
230,4.85,yes
231,4.05,yes
232,3.91,yes
233,3.72,yes
234,4.17,yes
235,3.76,yes
236,3.68,yes
237,4.29,yes
238,4.02,yes
239,4.37,yes
240,4.21,yes
241,3.61,yes
242,3.53,yes
243,3.65,yes
244,4.28,yes
245,3.79,yes
246,3.65,yes
247,3.78,yes
248,4.19,yes
249,4.05,yes
250,3.95,yes
251,3.91,yes
252,3.75,yes
253,3.83,yes
254,3.92,yes
255,4.01,yes
256,3.61,yes
257,3.57,yes
258,4.11,yes
259,3.95,yes
260,3.70,yes
261,5.84,yes
262,4.02,yes
263,4.37,yes
264,3.80,yes
265,4.05,yes
266,3.87,yes
267,4.27,yes
268,3.81,yes
269,3.76,yes
270,4.20,yes
271,4.34,yes
272,3.14,yes
273,3.99,yes
274,4.12,yes
275,3.92,yes
276,3.80,yes
277,4.62,yes
278,4.22,yes
279,4.10,yes
280,4.13,yes
281,4.21,yes
282,3.58,yes
283,3.67,yes
284,3.56,yes
285,4.00,yes
286,3.73,yes
287,3.61,yes
288,3.93,yes
289,3.89,yes
290,4.24,yes
291,3.89,yes
292,4.00,yes
293,4.41,yes
294,3.87,yes
295,3.98,yes
296,4.14,yes
297,3.73,yes
298,3.94,yes
299,4.17,yes
300,2.93,yes
301,4.55,yes
302,4.45,yes
303,3.76,yes
304,4.25,yes
305,3.72,yes
306,3.71,yes
307,3.81,yes
308,4.17,yes
309,4.17,yes
310,3.56,yes
311,3.78,yes
312,3.99,yes
313,3.84,yes
314,3.89,yes
315,3.73,yes
316,6.88,yes
317,4.29,yes
318,4.20,yes
319,4.02,yes
320,3.94,yes
321,3.72,yes
322,4.21,yes
323,4.14,yes
324,4.27,yes
325,3.82,yes
326,3.56,yes
327,4.01,yes
328,3.91,yes
329,4.10,yes
330,3.57,yes
331,3.92,yes
332,4.24,yes
333,3.69,yes
334,4.22,yes
335,4.03,yes
336,4.30,yes
337,4.04,yes
338,4.55,yes
339,3.99,yes
340,3.63,yes
341,4.28,yes
342,4.36,yes
343,3.56,yes
344,4.00,yes
345,4.36,yes
346,3.86,yes
347,3.61,yes
348,3.65,yes
349,4.05,yes
350,3.78,yes
351,4.04,yes
352,3.73,yes
353,4.55,yes
354,3.91,yes
355,3.82,yes
356,4.32,yes
357,3.75,yes
358,3.88,yes
359,3.75,yes
360,4.16,yes
361,4.11,yes
362,3.92,yes
363,4.18,yes
364,4.06,yes
365,4.09,yes
366,4.16,yes
367,3.50,yes
368,4.32,yes
369,3.64,yes
370,3.79,yes
371,4.21,yes
372,3.89,yes
373,4.25,yes
374,3.80,yes
375,3.99,yes
376,3.99,yes
377,4.16,yes
378,3.86,yes
379,3.98,yes
380,4.35,yes
381,4.53,yes
382,4.21,yes
383,4.27,yes
384,3.84,yes
385,4.25,yes
386,4.08,yes
387,4.39,yes
388,4.58,yes
389,3.91,yes
390,3.84,yes
391,4.04,yes
392,4.15,yes
393,3.92,yes
394,4.09,yes
395,3.68,yes
396,4.05,yes
397,4.44,yes
398,3.69,yes
399,3.77,yes
400,4.74,yes
401,3.98,yes
402,4.10,yes
403,3.94,yes
404,3.89,yes
405,4.28,yes
406,4.08,yes
407,4.01,yes
408,3.98,yes
409,3.24,yes
410,4.45,yes
411,4.41,yes
412,4.28,yes
413,3.70,yes
414,4.20,yes
415,3.86,yes
416,3.64,yes
417,4.16,yes
418,4.10,yes
419,3.68,yes
420,4.18,yes
421,6.56,yes
422,4.23,yes
423,4.14,yes
424,4.18,yes
425,3.89,yes
426,3.77,yes
427,4.26,yes
428,3.83,yes
429,3.87,yes
430,3.93,yes
431,4.16,yes
432,3.79,yes
433,4.68,yes
434,4.28,yes
435,4.32,yes
436,3.76,yes
437,3.94,yes
438,4.00,yes
439,3.90,yes
440,4.43,yes
441,3.86,yes
442,4.20,yes
443,3.96,yes
444,3.97,yes
445,3.87,yes
446,3.81,yes
447,4.24,yes
448,5.00,yes
449,4.37,yes
450,4.09,yes
451,3.59,yes
452,4.55,yes
453,4.28,yes
454,3.75,yes
455,3.92,yes
456,3.69,yes
457,3.97,yes
458,3.63,yes
459,3.98,yes
460,3.87,yes
461,3.68,yes
462,4.00,yes
463,3.71,yes
464,3.91,yes
465,4.69,yes
466,4.50,yes
467,4.14,yes
468,3.91,yes
469,4.61,yes
470,4.24,yes
471,4.14,yes
472,4.00,yes
473,4.28,yes
474,4.06,yes
475,4.14,yes
476,3.87,yes
477,3.78,yes
478,3.75,yes
479,3.80,yes
480,4.41,yes
481,4.44,yes
482,3.69,yes
483,4.28,yes
484,3.76,yes
485,3.72,yes
486,3.99,yes
487,4.47,yes
488,4.02,yes
489,4.15,yes
490,4.04,yes
491,3.67,yes
492,4.40,yes
493,3.55,yes
494,3.81,yes
495,4.01,yes
496,3.99,yes
497,4.41,yes
498,4.05,yes
499,4.35,yes
500,3.61,yes
501,4.41,yes
502,3.57,yes
503,4.03,yes
504,4.00,yes
505,4.08,yes
506,4.18,yes
507,4.24,yes
508,4.15,yes
509,4.32,yes
510,4.30,yes
511,3.62,yes
512,4.47,yes
513,4.19,yes
514,4.11,yes
515,3.78,yes
516,3.98,yes
517,3.83,yes
518,3.50,yes
519,3.76,yes
520,4.57,yes
521,4.01,yes
522,3.92,yes
523,3.98,yes
524,4.20,yes
525,3.86,yes
526,3.51,yes
527,3.69,yes
528,4.54,yes
529,4.28,yes
530,3.74,yes
531,3.86,yes
532,4.37,yes
533,4.08,yes
534,3.60,yes
535,3.60,yes
536,3.77,yes
537,4.05,yes
538,3.85,yes
539,3.78,yes
540,4.12,yes
541,4.20,yes
542,3.56,yes
543,3.71,yes
544,4.14,yes
545,4.30,yes
546,3.74,yes
547,3.90,yes
548,4.16,yes
549,3.71,yes
550,3.78,yes
551,3.85,yes
552,3.74,yes
553,3.93,yes
554,3.73,yes
555,3.59,yes
556,4.04,yes
557,3.86,yes
558,3.85,yes
559,4.26,yes
560,4.33,yes
561,3.67,yes
562,4.45,yes
563,4.19,yes
564,3.76,yes
565,4.68,yes
566,4.03,yes
567,4.02,yes
568,4.35,yes
569,3.99,yes
570,4.34,yes
571,3.77,yes
572,4.21,yes
573,4.14,yes
574,3.52,yes
575,3.83,yes
576,4.09,yes
577,4.29,yes
578,4.22,yes
579,3.97,yes
580,4.24,yes
581,4.25,yes
582,4.12,yes
583,3.62,yes
584,4.14,yes
585,4.55,yes
586,4.06,yes
587,3.97,yes
588,3.61,yes
589,4.30,yes
590,4.10,yes
591,3.75,yes
592,3.73,yes
593,4.36,yes
594,4.28,yes
595,4.05,yes
596,3.83,yes
597,4.54,yes
598,4.63,yes
599,4.26,yes
600,5.10,yes
601,3.72,yes
602,4.03,yes
603,3.76,yes
604,3.75,yes
605,3.89,yes
606,4.12,yes
607,4.24,yes
608,3.96,yes
609,4.19,yes
610,3.63,yes
611,3.66,yes
612,4.45,yes
613,3.76,yes
614,5.63,yes
615,3.97,yes
616,3.65,yes
617,4.24,yes
618,4.34,yes
619,3.82,yes
620,4.77,yes
621,3.85,yes
622,3.78,yes
623,3.80,yes
624,4.20,yes
625,3.78,yes
626,4.20,yes
627,3.91,yes
628,4.40,yes
629,3.83,yes
630,3.65,yes
631,3.84,yes
632,3.81,yes
633,4.25,yes
634,3.86,yes
635,3.61,yes
636,4.14,yes
637,3.63,yes
638,3.83,yes
639,3.76,yes
640,4.20,yes
641,4.02,yes
642,4.05,yes
643,3.91,yes
644,3.75,yes
645,3.70,yes
646,3.68,yes
647,4.33,yes
648,3.95,yes
649,3.80,yes
650,4.23,yes
651,3.62,yes
652,4.06,yes
653,4.14,yes
654,4.53,yes
655,3.94,yes
656,3.84,yes
657,3.89,yes
658,4.27,yes
659,4.40,yes
660,5.10,yes
661,3.87,yes
662,3.94,yes
663,3.76,yes
664,3.54,yes
665,3.81,yes
666,4.04,yes
667,3.67,yes
668,4.42,yes
669,3.85,yes
670,4.30,yes
671,3.83,yes
672,3.77,yes
673,4.01,yes
674,4.59,yes
675,3.64,yes
676,4.20,yes
677,3.98,yes
678,4.34,yes
679,4.28,yes
680,3.83,yes
681,3.88,yes
682,4.63,yes
683,3.77,yes
684,4.31,yes
685,3.69,yes
686,3.79,yes
687,3.91,yes
688,3.89,yes
689,3.53,yes
690,4.14,yes
691,4.71,yes
692,3.51,yes
693,3.70,yes
694,3.86,yes
695,3.99,yes
696,4.41,yes
697,3.60,yes
698,3.73,yes
699,3.98,yes
700,4.19,yes
701,3.86,yes
702,4.46,yes
703,4.09,yes
704,3.95,yes
705,4.05,yes
706,3.69,yes
707,3.83,yes
708,3.73,yes
709,3.75,yes
710,4.34,yes
711,3.91,yes
712,3.57,yes
713,4.04,yes
714,4.34,yes
715,3.58,yes
716,3.79,yes
717,4.08,yes
718,4.44,yes
719,3.87,yes
720,4.24,yes
721,3.82,yes
722,4.27,yes
723,3.76,yes
724,4.26,yes
725,4.46,yes
726,3.73,yes
727,4.37,yes
728,3.80,yes
729,4.64,yes
730,4.56,yes
731,3.71,yes
732,3.98,yes
733,4.30,yes
734,3.82,yes
735,3.94,yes
736,3.84,yes
737,4.25,yes
738,4.15,yes
739,3.70,yes
740,4.27,yes
741,4.57,yes
742,3.59,yes
743,3.85,yes
744,3.72,yes
745,4.18,yes
746,3.86,yes
747,3.69,yes
748,3.77,yes
749,3.91,yes
750,3.92,yes
751,3.93,yes
752,3.96,yes
753,3.67,yes
754,4.31,yes
755,4.26,yes
756,3.80,yes
757,3.20,yes
758,3.90,yes
759,3.86,yes
760,4.12,yes
761,3.97,yes
762,3.90,yes
763,3.77,yes
764,4.22,yes
765,4.09,yes
766,4.14,yes
767,3.69,yes
768,4.19,yes
769,4.06,yes
770,3.93,yes
771,3.64,yes
772,3.86,yes
773,4.35,yes
774,3.65,yes
775,3.87,yes
776,4.09,yes
777,4.19,yes
778,4.24,yes
779,3.82,yes
780,3.92,yes
781,4.24,yes
782,3.74,yes
783,4.31,yes
784,3.89,yes
785,4.15,yes
786,4.06,yes
787,4.35,yes
788,3.93,yes
789,4.03,yes
790,4.19,yes
791,3.84,yes
792,4.05,yes
793,4.17,yes
794,3.72,yes
795,3.85,yes
796,3.88,yes
797,4.04,yes
798,4.23,yes
799,3.74,yes
800,4.35,yes
801,4.26,yes
802,4.14,yes
803,4.30,yes
804,4.36,yes
805,3.66,yes
806,4.05,yes
807,4.12,yes
808,3.85,yes
809,4.18,yes
810,4.11,yes
811,4.04,yes
812,4.40,yes
813,4.02,yes
814,3.93,yes
815,4.37,yes
816,4.36,yes
817,4.25,yes
818,4.10,yes
819,4.43,yes
820,4.01,yes
821,4.14,yes
822,3.81,yes
823,4.51,yes
824,3.99,yes
825,3.63,yes
826,4.28,yes
827,3.95,yes
828,4.19,yes
829,4.72,yes
830,4.11,yes
831,4.37,yes
832,4.04,yes
833,3.99,yes
834,4.01,yes
835,4.17,yes
836,4.39,yes
837,4.14,yes
838,3.82,yes
839,4.63,yes
840,3.83,yes
841,4.20,yes
842,4.65,yes
843,4.38,yes
844,4.10,yes
845,3.71,yes
846,3.73,yes
847,3.98,yes
848,4.23,yes
849,3.72,yes
850,3.62,yes
851,4.23,yes
852,4.06,yes
853,3.73,yes
854,3.96,yes
855,3.88,yes
856,4.06,yes
857,3.77,yes
858,3.88,yes
859,3.89,yes
860,4.06,yes
861,3.86,yes
862,3.55,yes
863,3.73,yes
864,3.85,yes
865,4.15,yes
866,4.66,yes
867,4.03,yes
868,3.39,yes
869,3.90,yes
870,4.00,yes
871,3.73,yes
872,4.24,yes
873,4.28,yes
874,3.97,yes
875,4.14,yes
876,4.31,yes
877,3.78,yes
878,4.31,yes
879,4.27,yes
880,3.65,yes
881,3.59,yes
882,3.76,yes
883,3.87,yes
884,3.70,yes
885,4.37,yes
886,3.80,yes
887,4.68,yes
888,3.80,yes
889,3.89,yes
890,4.56,yes
891,3.47,yes
892,3.89,yes
893,3.71,yes
894,3.73,yes
895,4.29,yes
896,8.25,yes
897,3.90,yes
898,3.84,yes
899,4.34,yes
900,4.18,yes
901,3.96,yes
902,3.56,yes
903,4.88,yes
904,3.92,yes
905,3.82,yes
906,3.99,yes
907,3.83,yes
908,4.32,yes
909,3.68,yes
910,3.66,yes
911,3.68,yes
912,3.99,yes
913,3.81,yes
914,4.03,yes
915,4.48,yes
916,3.78,yes
917,4.14,yes
918,3.79,yes
919,4.10,yes
920,3.89,yes
921,3.85,yes
922,4.27,yes
923,3.84,yes
924,4.18,yes
925,4.15,yes
926,3.87,yes
927,3.91,yes
928,4.20,yes
929,4.41,yes
930,3.78,yes
931,4.30,yes
932,4.14,yes
933,3.95,yes
934,4.44,yes
935,4.30,yes
936,4.17,yes
937,4.09,yes
938,3.43,yes
939,3.75,yes
940,4.33,yes
941,4.38,yes
942,3.65,yes
943,3.84,yes
944,3.91,yes
945,4.42,yes
946,4.01,yes
947,3.61,yes
948,4.08,yes
949,3.54,yes
950,3.80,yes
951,3.75,yes
952,4.65,yes
953,4.64,yes
954,4.36,yes
955,4.39,yes
956,4.02,yes
957,4.06,yes
958,3.93,yes
959,3.54,yes
960,3.50,yes
961,3.84,yes
962,3.73,yes
963,3.90,yes
964,4.19,yes
965,3.76,yes
966,4.18,yes
967,3.92,yes
968,4.19,yes
969,3.86,yes
970,3.93,yes
971,3.79,yes
972,4.43,yes
973,4.56,yes
974,4.34,yes
975,4.14,yes
976,3.80,yes
977,4.46,yes
978,3.78,yes
979,4.24,yes
980,3.72,yes
981,3.91,yes
982,3.64,yes
983,4.12,yes
984,3.86,yes
985,4.55,yes
986,3.84,yes
987,4.25,yes
988,3.94,yes
989,4.31,yes
990,3.96,yes
991,4.32,yes
992,3.94,yes
993,4.68,yes
994,4.20,yes
995,4.43,yes
996,4.12,yes
997,3.96,yes
998,3.79,yes
999,3.95,yes
1000,3.79,yes
1001,3.73,yes
1002,3.65,yes
1003,3.96,yes
1004,4.32,yes
1005,4.50,yes
1006,3.96,yes
1007,4.39,yes
1008,3.64,yes
1009,4.31,yes
1010,3.98,yes
1011,4.12,yes
1012,4.05,yes
1013,4.32,yes
1014,4.42,yes
1015,3.72,yes
1016,3.77,yes
1017,4.15,yes
1018,3.78,yes
1019,3.85,yes
1020,3.66,yes
1021,4.13,yes
1022,3.82,yes
1023,3.87,yes
1024,3.78,yes
1025,4.11,yes
1026,4.12,yes
1027,3.63,yes
1028,3.07,yes
1029,4.39,yes
1030,4.08,yes
1031,4.32,yes
1032,3.77,yes
1033,4.36,yes
1034,3.64,yes
1035,3.60,yes
1036,3.74,yes
1037,3.80,yes
1038,4.46,yes
1039,4.10,yes
1040,4.46,yes
1041,4.35,yes
1042,3.91,yes
1043,3.87,yes
1044,3.70,yes
1045,3.51,yes
1046,3.92,yes
1047,3.78,yes
1048,3.59,yes
1049,4.21,yes
1050,3.96,yes
1051,4.04,yes
1052,3.96,yes
1053,4.27,yes
1054,4.08,yes
1055,3.86,yes
1056,4.29,yes
1057,4.33,yes
1058,3.91,yes
1059,3.84,yes
1060,3.50,yes
1061,3.91,yes
1062,3.86,yes
1063,4.46,yes
1064,3.98,yes
1065,3.59,yes
1066,3.89,yes
1067,3.79,yes
1068,3.86,yes
1069,5.34,yes
1070,3.83,yes
1071,3.68,yes
1072,4.68,yes
1073,4.41,yes
1074,4.05,yes
1075,4.19,yes
1076,3.82,yes
1077,4.02,yes
1078,4.04,yes
1079,4.22,yes
1080,3.75,yes
1081,4.15,yes
1082,3.57,yes
1083,4.24,yes
1084,3.96,yes
1085,4.18,yes
1086,3.82,yes
1087,3.92,yes
1088,3.65,yes
1089,3.71,yes
1090,3.66,yes
1091,3.98,yes
1092,3.72,yes
1093,3.85,yes
1094,4.19,yes
1095,4.35,yes
1096,4.48,yes
1097,3.97,yes
1098,3.75,yes
1099,4.69,yes
1100,3.66,yes
1101,4.25,yes
1102,4.27,yes
1103,3.72,yes
1104,3.90,yes
1105,3.75,yes
1106,4.19,yes
1107,4.49,yes
1108,3.69,yes
1109,4.02,yes
1110,3.72,yes
1111,4.41,yes
1112,3.77,yes
1113,4.10,yes
1114,4.11,yes
1115,4.26,yes
1116,4.07,yes
1117,4.20,yes
1118,3.86,yes
1119,4.23,yes
1120,3.91,yes
1121,3.87,yes
1122,4.38,yes
1123,4.05,yes
1124,3.53,yes
1125,3.90,yes
1126,4.35,yes
1127,4.07,yes
1128,3.79,yes
1129,3.50,yes
1130,4.24,yes
1131,4.05,yes
1132,3.57,yes
1133,3.76,yes
1134,4.47,yes
1135,3.84,yes
1136,4.15,yes
1137,4.09,yes
1138,4.21,yes
1139,4.63,yes
1140,3.93,yes
1141,4.01,yes
1142,3.97,yes
1143,3.97,yes
1144,4.32,yes
1145,3.69,yes
1146,3.62,yes
1147,4.11,yes
1148,4.05,yes
1149,4.27,yes
1150,4.12,yes
1151,4.57,yes
1152,3.89,yes
1153,3.77,yes
1154,4.08,yes
1155,3.60,yes
1156,4.47,yes
1157,3.74,yes
1158,4.17,yes
1159,3.86,yes
1160,3.85,yes
1161,3.75,yes
1162,3.76,yes
1163,3.62,yes
1164,3.75,yes
1165,3.75,yes
1166,3.57,yes
1167,3.68,yes
1168,3.68,yes
1169,3.41,yes
1170,4.12,yes
1171,3.62,yes
1172,4.15,yes
1173,3.93,yes
1174,4.10,yes
1175,4.11,yes
1176,4.01,yes
1177,4.18,yes
1178,3.54,yes
1179,4.22,yes
1180,4.37,yes
1181,3.77,yes
1182,3.03,yes
1183,3.44,yes
1184,3.88,yes
1185,4.24,yes
1186,4.11,yes
1187,4.26,yes
1188,4.15,yes
1189,3.71,yes
1190,4.12,yes
1191,4.29,yes
1192,3.92,yes
1193,3.82,yes
1194,4.15,yes
1195,4.44,yes
1196,3.61,yes
1197,3.95,yes
1198,3.71,yes
1199,4.35,yes
1200,3.84,yes
1201,3.63,yes
1202,3.72,yes
1203,3.54,yes
1204,4.08,yes
1205,3.86,yes
1206,4.40,yes
1207,3.86,yes
1208,4.82,yes
1209,3.57,yes
1210,3.82,yes
1211,3.94,yes
1212,4.28,yes
1213,3.67,yes
1214,3.89,yes
1215,3.98,yes
1216,4.10,yes
1217,4.28,yes
1218,3.82,yes
1219,3.63,yes
1220,3.54,yes
1221,4.02,yes
1222,3.83,yes
1223,4.34,yes
1224,4.22,yes
1225,3.78,yes
1226,4.27,yes
1227,3.97,yes
1228,4.40,yes
1229,4.08,yes
1230,3.54,yes
1231,4.47,yes
1232,4.44,yes
1233,4.27,yes
1234,4.28,yes
1235,4.03,yes
1236,4.33,yes
1237,4.43,yes
1238,4.49,yes
1239,3.90,yes
1240,4.03,yes
1241,3.98,yes
1242,3.81,yes
1243,3.50,yes
1244,3.97,yes
1245,4.08,yes
1246,3.53,yes
1247,4.28,yes
1248,3.71,yes
1249,3.90,yes
1250,4.29,yes
1251,3.82,yes
1252,3.68,yes
1253,3.71,yes
1254,3.91,yes
1255,3.80,yes
1256,3.86,yes
1257,4.27,yes
1258,3.80,yes
1259,4.29,yes
1260,3.78,yes
1261,3.79,yes
1262,4.29,yes
1263,4.19,yes
1264,4.00,yes
1265,4.27,yes
1266,4.20,yes
1267,4.36,yes
1268,3.93,yes
1269,4.45,yes
1270,3.74,yes
1271,3.70,yes
1272,4.01,yes
1273,4.82,yes
1274,3.66,yes
1275,3.84,yes
1276,3.65,yes
1277,3.80,yes
1278,3.36,yes
1279,4.50,yes
1280,3.86,yes
1281,3.71,yes
1282,4.16,yes
1283,3.77,yes
1284,3.89,yes
1285,4.35,yes
1286,4.05,yes
1287,3.38,yes
1288,4.43,yes
1289,4.46,yes
1290,3.79,yes
1291,4.04,yes
1292,3.60,yes
1293,4.49,yes
1294,4.65,yes
1295,3.66,yes
1296,4.79,yes
1297,4.32,yes
1298,3.75,yes
1299,4.20,yes
1300,3.67,yes
1301,4.18,yes
1302,3.95,yes
1303,3.87,yes
1304,5.21,yes
1305,3.95,yes
1306,3.53,yes
1307,3.77,yes
1308,3.86,yes
1309,3.60,yes
1310,4.12,yes
1311,3.75,yes
1312,3.63,yes
1313,4.25,yes
1314,3.68,yes
1315,4.16,yes
1316,3.87,yes
1317,4.04,yes
1318,4.05,yes
1319,3.67,yes
1320,3.83,yes
1321,4.01,yes
1322,4.09,yes
1323,4.23,yes
1324,3.69,yes
1325,5.92,yes
1326,4.27,yes
1327,3.84,yes
1328,3.76,yes
1329,3.68,yes
1330,3.59,yes
1331,4.06,yes
1332,4.20,yes
1333,3.52,yes
1334,4.20,yes
1335,4.04,yes
1336,4.64,yes
1337,4.14,yes
1338,4.03,yes
1339,3.41,yes
1340,4.01,yes
1341,3.87,yes
1342,4.56,yes
1343,4.51,yes
1344,3.47,yes
1345,4.32,yes
1346,4.25,yes
1347,4.11,yes
1348,3.69,yes
1349,3.83,yes
1350,3.75,yes
1351,3.69,yes
1352,4.28,yes
1353,3.91,yes
1354,4.17,yes
1355,3.71,yes
1356,3.79,yes
1357,3.75,yes
1358,3.82,yes
1359,3.99,yes
1360,4.11,yes
1361,4.14,yes
1362,3.80,yes
1363,4.47,yes
1364,4.16,yes
1365,3.68,yes
1366,4.00,yes
1367,3.70,yes
1368,4.65,yes
1369,3.77,yes
1370,3.76,yes
1371,3.96,yes
1372,3.55,yes
1373,4.03,yes
1374,4.42,yes
1375,4.08,yes
1376,4.14,yes
1377,4.15,yes
1378,4.35,yes
1379,3.99,yes
1380,3.55,yes
1381,4.35,yes
1382,4.21,yes
1383,3.83,yes
1384,3.57,yes
1385,3.77,yes
1386,4.13,yes
1387,4.00,yes
1388,3.89,yes
1389,3.64,yes
1390,3.62,yes
1391,4.58,yes
1392,4.29,yes
1393,3.96,yes
1394,3.70,yes
1395,4.19,yes
1396,4.30,yes
1397,4.32,yes
1398,3.85,yes
1399,3.72,yes
1400,3.90,yes
1401,3.79,yes
1402,3.99,yes
1403,4.19,yes
1404,3.61,yes
1405,4.33,yes
1406,3.66,yes
1407,3.89,yes
1408,3.57,yes
1409,3.65,yes
1410,4.03,yes
1411,3.81,yes
1412,3.89,yes
1413,3.95,yes
1414,3.96,yes
1415,3.97,yes
1416,3.89,yes
1417,3.92,yes
1418,3.73,yes
1419,3.81,yes
1420,3.54,yes
1421,4.47,yes
1422,3.98,yes
1423,3.69,yes
1424,3.91,yes
1425,4.09,yes
1426,3.78,yes
1427,3.76,yes
1428,3.55,yes
1429,3.92,yes
1430,3.74,yes
1431,3.93,yes
1432,4.23,yes
1433,3.95,yes
1434,3.98,yes
1435,2.98,yes
1436,3.76,yes
1437,4.22,yes
1438,3.91,yes
1439,3.73,yes
1440,4.49,yes
1441,3.88,yes
1442,3.91,yes
1443,3.73,yes
1444,5.71,yes
1445,3.98,yes
1446,3.76,yes
1447,3.90,yes
1448,3.96,yes
1449,3.93,yes
1450,4.20,yes
1451,3.89,yes
1452,3.67,yes
1453,3.68,yes
1454,3.80,yes
1455,4.72,yes
1456,3.94,yes
1457,3.97,yes
1458,3.60,yes
1459,3.94,yes
1460,3.80,yes
1461,4.53,yes
1462,3.75,yes
1463,4.38,yes
1464,4.15,yes
1465,4.14,yes
1466,4.48,yes
1467,4.47,yes
1468,3.85,yes
1469,3.67,yes
1470,3.99,yes
1471,3.75,yes
1472,4.05,yes
1473,3.72,yes
1474,3.72,yes
1475,3.96,yes
1476,4.00,yes
1477,4.32,yes
1478,3.64,yes
1479,4.16,yes
1480,4.16,yes
1481,4.12,yes
1482,3.54,yes
1483,4.00,yes
1484,3.76,yes
1485,3.51,yes
1486,3.57,yes
1487,4.21,yes
1488,3.62,yes
1489,4.02,yes
1490,4.35,yes
1491,3.96,yes
1492,4.39,yes
1493,3.79,yes
1494,4.48,yes
1495,4.13,yes
1496,4.04,yes
1497,4.36,yes
1498,4.51,yes
1499,3.69,yes
1500,3.78,yes
1501,4.10,yes
1502,3.79,yes
1503,3.84,yes
1504,3.57,yes
1505,3.96,yes
1506,4.90,yes
1507,3.98,yes
1508,3.89,yes
1509,3.71,yes
1510,4.22,yes
1511,4.45,yes
1512,3.99,yes
1513,3.71,yes
1514,3.66,yes
1515,3.78,yes
1516,3.93,yes
1517,3.86,yes
1518,4.21,yes
1519,4.08,yes
1520,4.04,yes
1521,3.86,yes
1522,3.74,yes
1523,4.20,yes
1524,3.74,yes
1525,3.92,yes
1526,18.87,yes
1527,4.10,yes
1528,5.49,yes
1529,3.58,yes
1530,4.26,yes
1531,3.62,yes
1532,3.62,yes
1533,4.23,yes
1534,4.00,yes
1535,3.65,yes
1536,4.11,yes
1537,3.54,yes
1538,3.99,yes
1539,4.23,yes
1540,4.17,yes
1541,3.50,yes
1542,3.55,yes
1543,3.92,yes
1544,4.27,yes
1545,3.34,yes
1546,3.86,yes
1547,3.97,yes
1548,3.92,yes
1549,3.92,yes
1550,3.75,yes
1551,4.31,yes
1552,3.51,yes
1553,3.72,yes
1554,3.74,yes
1555,3.99,yes
1556,4.25,yes
1557,4.12,yes
1558,4.48,yes
1559,3.57,yes
1560,5.11,yes
1561,3.96,yes
1562,3.66,yes
1563,4.15,yes
1564,3.84,yes
1565,3.92,yes
1566,4.69,yes
1567,4.08,yes
1568,4.16,yes
1569,3.81,yes
1570,4.14,yes
1571,3.97,yes
1572,3.88,yes
1573,3.99,yes
1574,4.53,yes
1575,3.53,yes
1576,3.71,yes
1577,3.51,yes
1578,3.86,yes
1579,3.65,yes
1580,3.76,yes
1581,3.74,yes
1582,3.97,yes
1583,3.73,yes
1584,4.82,yes
1585,4.15,yes
1586,4.43,yes
1587,3.79,yes
1588,3.69,yes
1589,4.46,yes
1590,3.74,yes
1591,4.47,yes
1592,3.68,yes
1593,3.74,yes
1594,3.56,yes
1595,3.68,yes
1596,4.23,yes
1597,4.51,yes
1598,3.90,yes
1599,3.88,yes
1600,3.63,yes
1601,3.66,yes
1602,3.60,yes
1603,4.61,yes
1604,3.94,yes
1605,3.83,yes
1606,3.66,yes
1607,3.73,yes
1608,4.13,yes
1609,4.13,yes
1610,4.30,yes
1611,4.35,yes
1612,4.21,yes
1613,3.78,yes
1614,4.18,yes
1615,4.11,yes
1616,3.98,yes
1617,4.46,yes
1618,4.24,yes
1619,3.93,yes
1620,3.81,yes
1621,3.81,yes
1622,4.33,yes
1623,4.29,yes
1624,4.32,yes
1625,3.76,yes
1626,3.81,yes
1627,4.08,yes
1628,3.66,yes
1629,3.58,yes
1630,3.56,yes
1631,3.43,yes
1632,4.27,yes
1633,3.62,yes
1634,4.49,yes
1635,4.30,yes
1636,4.29,yes
1637,3.62,yes
1638,4.10,yes
1639,4.28,yes
1640,3.84,yes
1641,3.96,yes
1642,3.72,yes
1643,3.80,yes
1644,3.68,yes
1645,4.16,yes
1646,4.21,yes
1647,3.75,yes
1648,3.88,yes
1649,3.94,yes
1650,4.91,yes
1651,3.69,yes
1652,3.86,yes
1653,3.85,yes
1654,3.88,yes
1655,4.52,yes
1656,3.93,yes
1657,4.14,yes
1658,4.36,yes
1659,4.05,yes
1660,4.50,yes
1661,4.20,yes
1662,4.27,yes
1663,4.24,yes
1664,3.96,yes
1665,3.98,yes
1666,4.00,yes
1667,3.50,yes
1668,4.28,yes
1669,3.76,yes
1670,4.14,yes
1671,3.91,yes
1672,3.51,yes
1673,3.62,yes
1674,4.16,yes
1675,3.95,yes
1676,3.71,yes
1677,3.85,yes
1678,3.62,yes
1679,3.91,yes
1680,3.70,yes
1681,3.93,yes
1682,4.27,yes
1683,4.06,yes
1684,3.96,yes
1685,3.83,yes
1686,2.81,yes
1687,4.02,yes
1688,3.62,yes
1689,3.71,yes
1690,4.66,yes
1691,4.22,yes
1692,3.98,yes
1693,3.60,yes
1694,3.86,yes
1695,3.72,yes
1696,3.99,yes
1697,3.80,yes
1698,4.36,yes
1699,3.63,yes
1700,4.23,yes
1701,4.33,yes
1702,3.78,yes
1703,3.82,yes
1704,3.86,yes
1705,3.78,yes
1706,3.95,yes
1707,3.73,yes
1708,3.60,yes
1709,3.77,yes
1710,3.99,yes
1711,3.87,yes
1712,3.64,yes
1713,3.64,yes
1714,4.02,yes
1715,4.20,yes
1716,3.94,yes
1717,3.99,yes
1718,4.36,yes
1719,4.40,yes
1720,4.91,yes
1721,4.18,yes
1722,4.57,yes
1723,4.00,yes
1724,4.29,yes
1725,4.25,yes
1726,4.12,yes
1727,4.35,yes
1728,4.21,yes
1729,3.72,yes
1730,3.68,yes
1731,3.77,yes
1732,3.95,yes
1733,3.60,yes
1734,3.70,yes
1735,4.27,yes
1736,4.17,yes
1737,3.73,yes
1738,3.84,yes
1739,4.14,yes
1740,3.63,yes
1741,4.05,yes
1742,4.22,yes
1743,4.18,yes
1744,3.84,yes
1745,4.06,yes
1746,4.25,yes
1747,4.18,yes
1748,4.18,yes
1749,3.76,yes
1750,3.78,yes
1751,3.89,yes
1752,3.82,yes
1753,4.65,yes
1754,3.75,yes
1755,4.02,yes
1756,3.94,yes
1757,3.50,yes
1758,4.14,yes
1759,4.35,yes
1760,3.65,yes
1761,4.39,yes
1762,3.62,yes
1763,4.37,yes
1764,3.95,yes
1765,3.55,yes
1766,4.44,yes
1767,3.68,yes
1768,3.75,yes
1769,4.25,yes
1770,4.39,yes
1771,4.19,yes
1772,4.39,yes
1773,3.92,yes
1774,3.42,yes
1775,4.08,yes
1776,4.44,yes
1777,3.43,yes
1778,4.08,yes
1779,4.00,yes
1780,3.89,yes
1781,4.09,yes
1782,3.65,yes
1783,3.83,yes
1784,3.71,yes
1785,3.83,yes
1786,3.58,yes
1787,3.53,yes
1788,3.77,yes
1789,3.87,yes
1790,3.88,yes
1791,4.55,yes
1792,4.00,yes
1793,3.83,yes
1794,3.94,yes
1795,3.57,yes
1796,3.84,yes
1797,3.77,yes
1798,3.97,yes
1799,3.80,yes
1800,3.99,yes
1801,3.76,yes
1802,4.40,yes
1803,4.05,yes
1804,3.72,yes
1805,4.31,yes
1806,3.68,yes
1807,3.72,yes
1808,3.86,yes
1809,3.80,yes
1810,3.76,yes
1811,3.67,yes
1812,3.97,yes
1813,3.64,yes
1814,3.83,yes
1815,3.97,yes
1816,4.30,yes
1817,3.78,yes
1818,4.45,yes
1819,3.78,yes
1820,3.89,yes
1821,3.60,yes
1822,3.92,yes
1823,4.49,yes
1824,4.11,yes
1825,4.33,yes
1826,4.29,yes
1827,3.72,yes
1828,4.39,yes
1829,4.29,yes
1830,3.79,yes
1831,3.86,yes
1832,4.17,yes
1833,3.68,yes
1834,4.18,yes
1835,4.21,yes
1836,3.95,yes
1837,4.20,yes
1838,4.24,yes
1839,4.15,yes
1840,4.33,yes
1841,3.86,yes
1842,3.89,yes
1843,3.72,yes
1844,3.74,yes
1845,4.08,yes
1846,3.74,yes
1847,4.44,yes
1848,4.02,yes
1849,3.67,yes
1850,3.58,yes
1851,3.68,yes
1852,4.01,yes
1853,4.13,yes
1854,3.79,yes
1855,4.30,yes
1856,4.37,yes
1857,3.61,yes
1858,4.12,yes
1859,3.86,yes
1860,3.75,yes
1861,3.90,yes
1862,4.20,yes
1863,3.62,yes
1864,4.71,yes
1865,3.76,yes
1866,3.94,yes
1867,4.00,yes
1868,3.99,yes
1869,3.87,yes
1870,4.32,yes
1871,3.76,yes
1872,4.36,yes
1873,3.85,yes
1874,3.61,yes
1875,3.92,yes
1876,4.04,yes
1877,4.27,yes
1878,3.89,yes
1879,4.38,yes
1880,3.96,yes
1881,3.69,yes
1882,3.72,yes
1883,4.22,yes
1884,4.27,yes
1885,4.26,yes
1886,3.81,yes
1887,4.00,yes
1888,3.58,yes
1889,3.90,yes
1890,3.74,yes
1891,4.02,yes
1892,3.92,yes
1893,3.67,yes
1894,4.64,yes
1895,3.90,yes
1896,3.90,yes
1897,4.33,yes
1898,3.20,yes
1899,3.86,yes
1900,4.37,yes
1901,3.71,yes
1902,3.88,yes
1903,4.13,yes
1904,3.95,yes
1905,3.87,yes
1906,3.68,yes
1907,3.99,yes
1908,4.03,yes
1909,4.22,yes
1910,4.22,yes
1911,4.02,yes
1912,3.76,yes
1913,3.98,yes
1914,4.06,yes
1915,3.96,yes
1916,3.81,yes
1917,4.07,yes
1918,4.27,yes
1919,3.52,yes
1920,4.47,yes
1921,3.79,yes
1922,3.90,yes
1923,3.53,yes
1924,4.10,yes
1925,4.44,yes
1926,4.13,yes
1927,3.62,yes
1928,4.44,yes
1929,4.06,yes
1930,4.49,yes
1931,3.94,yes
1932,4.37,yes
1933,4.39,yes
1934,3.97,yes
1935,3.74,yes
1936,3.72,yes
1937,4.18,yes
1938,4.07,yes
1939,3.47,yes
1940,3.62,yes
1941,4.30,yes
1942,4.19,yes
1943,4.18,yes
1944,3.70,yes
1945,3.65,yes
1946,3.46,yes
1947,3.70,yes
1948,4.15,yes
1949,4.21,yes
1950,3.80,yes
1951,3.88,yes
1952,4.01,yes
1953,3.77,yes
1954,4.03,yes
1955,3.85,yes
1956,4.38,yes
1957,4.58,yes
1958,4.18,yes
1959,3.51,yes
1960,3.58,yes
1961,3.86,yes
1962,3.77,yes
1963,4.06,yes
1964,3.62,yes
1965,4.56,yes
1966,3.84,yes
1967,3.67,yes
1968,3.72,yes
1969,3.07,yes
1970,3.80,yes
1971,4.31,yes
1972,4.35,yes
1973,3.93,yes
1974,3.71,yes
1975,4.44,yes
1976,4.94,yes
1977,4.02,yes
1978,4.08,yes
1979,3.49,yes
1980,3.66,yes
1981,4.21,yes
1982,4.06,yes
1983,3.65,yes
1984,4.06,yes
1985,3.85,yes
1986,3.55,yes
1987,4.59,yes
1988,3.79,yes
1989,4.01,yes
1990,3.78,yes
1991,3.73,yes
1992,4.28,yes
1993,4.00,yes
1994,4.19,yes
1995,3.82,yes
1996,3.87,yes
1997,3.70,yes
1998,3.03,yes
1999,5.46,yes
2000,3.71,yes
2001,6.05,yes
2002,3.82,yes
2003,3.90,yes
2004,4.13,yes
2005,3.82,yes
2006,4.10,yes
2007,3.96,yes
2008,3.77,yes
2009,4.01,yes
2010,3.60,yes
2011,4.11,yes
2012,3.68,yes
2013,3.87,yes
2014,3.55,yes
2015,3.92,yes
2016,3.63,yes
2017,4.44,yes
2018,3.83,yes
2019,3.72,yes
2020,4.19,yes
2021,3.64,yes
2022,3.58,yes
2023,3.66,yes
2024,4.68,yes
2025,4.06,yes
2026,3.73,yes
2027,4.04,yes
2028,3.96,yes
2029,3.90,yes
2030,3.60,yes
2031,4.10,yes
2032,4.00,yes
2033,3.93,yes
2034,4.26,yes
2035,4.31,yes
2036,3.66,yes
2037,3.39,yes
2038,4.00,yes
2039,4.13,yes
2040,3.64,yes
2041,4.03,yes
2042,4.04,yes
2043,3.78,yes
2044,4.33,yes
2045,4.69,yes
2046,4.53,yes
2047,4.23,yes
2048,3.72,yes
2049,3.74,yes
2050,3.66,yes
2051,4.10,yes
2052,3.68,yes
2053,4.12,yes
2054,4.14,yes
2055,3.91,yes
2056,4.41,yes
2057,3.59,yes
2058,3.96,yes
2059,4.48,yes
2060,3.94,yes
2061,3.81,yes
2062,3.77,yes
2063,4.25,yes
2064,3.75,yes
2065,4.17,yes
2066,4.18,yes
2067,4.65,yes
2068,4.04,yes
2069,3.88,yes
2070,3.86,yes
2071,3.80,yes
2072,4.35,yes
2073,4.35,yes
2074,3.71,yes
2075,4.14,yes
2076,3.83,yes
2077,3.71,yes
2078,3.51,yes
2079,4.02,yes
2080,3.49,yes
2081,3.51,yes
2082,3.62,yes
2083,3.98,yes
2084,3.62,yes
2085,3.83,yes
2086,3.71,yes
2087,3.87,yes
2088,4.17,yes
2089,3.88,yes
2090,4.12,yes
2091,3.81,yes
2092,3.94,yes
2093,4.16,yes
2094,3.85,yes
2095,3.74,yes
2096,4.29,yes
2097,3.56,yes
2098,3.81,yes
2099,4.20,yes
2100,3.58,yes
2101,3.56,yes
2102,3.99,yes
2103,3.72,yes
2104,4.53,yes
2105,3.57,yes
2106,3.93,yes
2107,3.93,yes
2108,3.53,yes
2109,3.69,yes
2110,4.02,yes
2111,3.84,yes
2112,3.87,yes
2113,3.63,yes
2114,4.09,yes
2115,3.68,yes
2116,3.86,yes
2117,3.59,yes
2118,3.80,yes
2119,3.79,yes
2120,4.05,yes
2121,3.86,yes
2122,3.81,yes
2123,3.86,yes
2124,3.78,yes
2125,4.14,yes
2126,4.44,yes
2127,3.73,yes
2128,3.92,yes
2129,3.93,yes
2130,3.45,yes
2131,3.66,yes
2132,3.65,yes
2133,4.05,yes
2134,4.02,yes
2135,4.21,yes
2136,4.11,yes
2137,3.94,yes
2138,3.59,yes
2139,3.79,yes
2140,4.03,yes
2141,3.99,yes
2142,4.10,yes
2143,4.35,yes
2144,4.39,yes
2145,3.93,yes
2146,4.04,yes
2147,3.85,yes
2148,3.94,yes
2149,4.03,yes
2150,4.13,yes
2151,3.70,yes
2152,4.55,yes
2153,3.55,yes
2154,4.14,yes
2155,3.66,yes
2156,3.81,yes
2157,3.72,yes
2158,3.58,yes
2159,4.03,yes
2160,3.91,yes
2161,3.53,yes
2162,3.74,yes
2163,3.47,yes
2164,3.64,yes
2165,3.60,yes
2166,3.74,yes
2167,4.15,yes
2168,3.68,yes
2169,3.92,yes
2170,3.60,yes
2171,4.10,yes
2172,4.09,yes
2173,3.80,yes
2174,3.79,yes
2175,3.50,yes
2176,3.67,yes
2177,3.65,yes
2178,4.11,yes
2179,3.89,yes
2180,3.75,yes
2181,3.55,yes
2182,3.91,yes
2183,3.90,yes
2184,3.66,yes
2185,4.13,yes
2186,3.46,yes
2187,3.48,yes
2188,3.94,yes
2189,3.83,yes
2190,3.64,yes
2191,4.35,yes
2192,3.73,yes
2193,3.79,yes
2194,4.01,yes
2195,4.03,yes
2196,3.75,yes
2197,3.78,yes
2198,3.49,yes
2199,3.62,yes
2200,4.52,yes
2201,3.56,yes
2202,3.66,yes
2203,3.99,yes
2204,3.90,yes
2205,3.68,yes
2206,3.47,yes
2207,3.96,yes
2208,3.51,yes
2209,3.93,yes
2210,3.84,yes
2211,4.12,yes
2212,3.68,yes
2213,3.55,yes
2214,3.79,yes
2215,3.80,yes
2216,4.06,yes
2217,3.98,yes
2218,4.15,yes
2219,4.30,yes
2220,4.25,yes
2221,4.20,yes
2222,3.63,yes
2223,4.07,yes
2224,3.51,yes
2225,3.44,yes
2226,4.00,yes
2227,3.79,yes
2228,3.72,yes
2229,3.49,yes
2230,3.48,yes
2231,4.00,yes
2232,3.61,yes
2233,4.06,yes
2234,3.87,yes
2235,3.86,yes
2236,3.59,yes
2237,3.61,yes
2238,3.75,yes
2239,3.44,yes
2240,3.78,yes
2241,4.24,yes
2242,3.44,yes
2243,3.91,yes
2244,3.41,yes
2245,4.12,yes
2246,3.79,yes
2247,3.85,yes
2248,3.43,yes
2249,4.03,yes
2250,4.01,yes
2251,3.97,yes
2252,3.59,yes
2253,4.00,yes
2254,4.16,yes
2255,3.80,yes
2256,3.61,yes
2257,3.68,yes
2258,3.99,yes
2259,3.92,yes
2260,3.75,yes
2261,3.79,yes
2262,3.82,yes
2263,3.51,yes
2264,3.29,yes
2265,3.51,yes
2266,3.31,yes
2267,4.08,yes
2268,3.36,yes
2269,3.79,yes
2270,3.60,yes
2271,3.54,yes
2272,3.81,yes
2273,3.99,yes
2274,4.09,yes
2275,3.48,yes
2276,3.59,yes
2277,3.60,yes
2278,3.54,yes
2279,3.67,yes
2280,3.68,yes
2281,3.90,yes
2282,3.40,yes
2283,3.80,yes
2284,6.52,yes
2285,3.81,yes
2286,3.89,yes
2287,3.86,yes
2288,3.92,yes
2289,4.09,yes
2290,4.02,yes
2291,3.84,yes
2292,3.96,yes
2293,4.25,yes
2294,4.10,yes
2295,3.85,yes
2296,3.86,yes
2297,3.44,yes
2298,3.82,yes
2299,3.99,yes
2300,4.04,yes
2301,3.64,yes
2302,3.86,yes
2303,3.94,yes
2304,3.82,yes
2305,3.88,yes
2306,4.06,yes
2307,3.62,yes
2308,3.70,yes
2309,3.57,yes
2310,3.88,yes
2311,4.06,yes
2312,4.28,yes
2313,4.03,yes
2314,3.89,yes
2315,3.66,yes
2316,3.46,yes
2317,3.70,yes
2318,4.12,yes
2319,3.97,yes
2320,3.80,yes
2321,3.89,yes
2322,3.97,yes
2323,3.76,yes
2324,3.98,yes
2325,3.69,yes
2326,4.27,yes
2327,3.56,yes
2328,3.70,yes
2329,4.03,yes
2330,3.84,yes
2331,4.05,yes
2332,4.05,yes
2333,3.81,yes
2334,3.60,yes
2335,4.03,yes
2336,3.97,yes
2337,3.84,yes
2338,3.93,yes
2339,4.32,yes
2340,4.35,yes
2341,4.14,yes
2342,4.02,yes
2343,3.83,yes
2344,3.42,yes
2345,3.82,yes
2346,3.64,yes
2347,3.60,yes
2348,3.81,yes
2349,3.74,yes
2350,3.70,yes
2351,3.63,yes
2352,4.02,yes
2353,3.93,yes
2354,3.71,yes
2355,4.08,yes
2356,3.55,yes
2357,3.89,yes
2358,3.83,yes
2359,3.80,yes
2360,3.97,yes
2361,3.90,yes
2362,3.60,yes
2363,4.36,yes
2364,4.62,yes
2365,4.12,yes
2366,4.23,yes
2367,4.21,yes
2368,3.83,yes
2369,3.70,yes
2370,3.60,yes
2371,3.95,yes
2372,3.59,yes
2373,3.56,yes
2374,3.75,yes
2375,3.43,yes
2376,4.01,yes
2377,4.13,yes
2378,3.69,yes
2379,4.21,yes
2380,3.69,yes
2381,3.94,yes
2382,4.08,yes
2383,4.08,yes
2384,4.18,yes
2385,3.93,yes
2386,3.79,yes
2387,3.83,yes
2388,3.80,yes
2389,3.04,yes
2390,3.40,yes
2391,3.87,yes
2392,3.48,yes
2393,3.77,yes
2394,3.60,yes
2395,3.89,yes
2396,3.83,yes
2397,3.93,yes
2398,3.71,yes
2399,3.81,yes
2400,3.71,yes
2401,3.88,yes
2402,3.53,yes
2403,3.59,yes
2404,3.79,yes
2405,3.58,yes
2406,4.23,yes
2407,4.25,yes
2408,3.54,yes
2409,3.69,yes
2410,3.69,yes
2411,3.95,yes
2412,3.87,yes
2413,3.96,yes
2414,3.93,yes
2415,3.76,yes
2416,3.64,yes
2417,3.94,yes
2418,3.94,yes
2419,4.14,yes
2420,3.68,yes
2421,3.91,yes
2422,3.46,yes
2423,4.04,yes
2424,3.76,yes
2425,3.54,yes
2426,3.67,yes
2427,3.81,yes
2428,3.57,yes
2429,4.05,yes
2430,3.94,yes
2431,3.89,yes
2432,3.93,yes
2433,3.89,yes
2434,4.02,yes
2435,3.60,yes
2436,4.20,yes
2437,3.64,yes
2438,4.24,yes
2439,3.65,yes
2440,3.45,yes
2441,3.49,yes
2442,3.58,yes
2443,3.83,yes
2444,3.41,yes
2445,3.97,yes
2446,3.88,yes
2447,3.91,yes
2448,4.07,yes
2449,4.14,yes
2450,3.41,yes
2451,3.59,yes
2452,3.70,yes
2453,3.72,yes
2454,3.82,yes
2455,4.02,yes
2456,3.83,yes
2457,4.82,yes
2458,3.71,yes
2459,3.87,yes
2460,3.93,yes
2461,4.10,yes
2462,3.93,yes
2463,3.96,yes
2464,3.51,yes
2465,4.24,yes
2466,3.45,yes
2467,3.31,yes
2468,4.05,yes
2469,3.81,yes
2470,3.38,yes
2471,3.90,yes
2472,3.63,yes
2473,3.53,yes
2474,4.01,yes
2475,4.02,yes
2476,3.50,yes
2477,3.77,yes
2478,3.89,yes
2479,3.47,yes
2480,4.14,yes
2481,3.79,yes
2482,3.82,yes
2483,3.83,yes
2484,3.93,yes
2485,4.05,yes
2486,3.39,yes
2487,3.94,yes
2488,3.57,yes
2489,3.42,yes
2490,3.83,yes
2491,3.53,yes
2492,3.57,yes
2493,3.97,yes
2494,3.59,yes
2495,4.10,yes
2496,3.46,yes
2497,4.26,yes
2498,3.93,yes
2499,3.80,yes
2500,3.83,yes
2501,3.83,yes
2502,3.89,yes
2503,3.68,yes
2504,4.31,yes
2505,4.03,yes
2506,4.10,yes
2507,3.77,yes
2508,3.16,yes
2509,4.12,yes
2510,3.59,yes
2511,3.53,yes
2512,3.80,yes
2513,3.85,yes
2514,3.94,yes
2515,3.19,yes
2516,4.19,yes
2517,3.93,yes
2518,3.80,yes
2519,3.91,yes
2520,3.70,yes
2521,3.88,yes
2522,3.43,yes
2523,4.12,yes
2524,3.79,yes
2525,3.95,yes
2526,3.92,yes
2527,3.91,yes
2528,3.96,yes
2529,3.78,yes
2530,3.94,yes
2531,3.85,yes
2532,3.98,yes
2533,4.20,yes
2534,4.32,yes
2535,3.95,yes
2536,4.11,yes
2537,3.91,yes
2538,3.90,yes
2539,3.65,yes
2540,3.95,yes
2541,3.99,yes
2542,3.95,yes
2543,4.05,yes
2544,3.44,yes
2545,3.98,yes
2546,4.00,yes
2547,3.99,yes
2548,4.36,yes
2549,4.01,yes
2550,3.81,yes
2551,4.23,yes
2552,3.64,yes
2553,4.00,yes
2554,3.85,yes
2555,3.93,yes
2556,3.99,yes
2557,3.76,yes
2558,3.89,yes
2559,3.64,yes
2560,3.90,yes
2561,3.56,yes
2562,3.65,yes
2563,3.83,yes
2564,3.61,yes
2565,4.04,yes
2566,3.96,yes
2567,3.92,yes
2568,4.23,yes
2569,3.79,yes
2570,3.79,yes
2571,3.63,yes
2572,4.08,yes
2573,3.89,yes
2574,3.89,yes
2575,3.64,yes
2576,3.98,yes
2577,3.86,yes
2578,3.97,yes
2579,3.72,yes
2580,3.86,yes
2581,3.52,yes
2582,3.77,yes
2583,3.83,yes
2584,3.71,yes
2585,3.83,yes
2586,3.92,yes
2587,3.70,yes
2588,3.83,yes
2589,3.94,yes
2590,3.46,yes
2591,3.52,yes
2592,3.89,yes
2593,3.59,yes
2594,5.07,yes
2595,3.42,yes
2596,3.38,yes
2597,4.01,yes
2598,3.92,yes
2599,4.19,yes
2600,3.91,yes
2601,3.84,yes
2602,3.72,yes
2603,3.90,yes
2604,3.73,yes
2605,3.85,yes
2606,3.91,yes
2607,3.93,yes
2608,4.41,yes
2609,4.05,yes
2610,4.06,yes
2611,3.93,yes
2612,3.96,yes
2613,3.91,yes
2614,4.21,yes
2615,3.87,yes
2616,3.60,yes
2617,3.93,yes
2618,3.63,yes
2619,3.87,yes
2620,3.76,yes
2621,3.79,yes
2622,3.76,yes
2623,3.90,yes
2624,3.88,yes
2625,3.88,yes
2626,3.83,yes
2627,4.05,yes
2628,3.71,yes
2629,4.11,yes
2630,3.80,yes
2631,4.10,yes
2632,3.58,yes
2633,3.98,yes
2634,4.08,yes
2635,3.89,yes
2636,3.87,yes
2637,3.74,yes
2638,3.67,yes
2639,3.70,yes
2640,3.62,yes
2641,3.52,yes
2642,3.97,yes
2643,4.07,yes
2644,3.52,yes
2645,3.64,yes
2646,3.74,yes
2647,3.87,yes
2648,3.69,yes
2649,3.99,yes
2650,3.54,yes
2651,4.13,yes
2652,3.99,yes
2653,3.54,yes
2654,3.36,yes
2655,3.90,yes
2656,4.14,yes
2657,3.78,yes
2658,3.83,yes
2659,4.00,yes
2660,3.97,yes
2661,3.69,yes
2662,3.94,yes
2663,3.88,yes
2664,3.90,yes
2665,3.59,yes
2666,3.86,yes
2667,4.16,yes
2668,4.05,yes
2669,3.71,yes
2670,3.64,yes
2671,4.08,yes
2672,3.97,yes
2673,3.53,yes
2674,4.24,yes
2675,4.11,yes
2676,3.57,yes
2677,3.80,yes
2678,3.76,yes
2679,4.03,yes
2680,3.81,yes
2681,3.57,yes
2682,3.63,yes
2683,3.69,yes
2684,3.57,yes
2685,3.44,yes
2686,3.64,yes
2687,3.27,yes
2688,3.94,yes
2689,3.56,yes
2690,3.61,yes
2691,4.04,yes
2692,4.12,yes
2693,3.98,yes
2694,3.97,yes
2695,3.68,yes
2696,3.94,yes
2697,3.85,yes
2698,4.03,yes
2699,3.90,yes
2700,4.20,yes
2701,3.85,yes
2702,3.99,yes
2703,4.05,yes
2704,4.11,yes
2705,4.00,yes
2706,3.56,yes
2707,3.67,yes
2708,3.39,yes
2709,3.98,yes
2710,4.01,yes
2711,3.43,yes
2712,4.98,yes
2713,4.35,yes
2714,4.06,yes
2715,3.92,yes
2716,4.05,yes
2717,3.83,yes
2718,3.62,yes
2719,3.88,yes
2720,4.04,yes
2721,3.76,yes
2722,3.47,yes
2723,3.97,yes
2724,3.71,yes
2725,3.76,yes
2726,3.42,yes
2727,3.83,yes
2728,3.80,yes
2729,3.62,yes
2730,3.52,yes
2731,3.88,yes
2732,4.28,yes
2733,3.63,yes
2734,4.35,yes
2735,3.62,yes
2736,3.88,yes
2737,3.90,yes
2738,3.79,yes
2739,3.84,yes
2740,3.66,yes
2741,3.95,yes
2742,4.14,yes
2743,3.43,yes
2744,3.60,yes
2745,3.62,yes
2746,4.04,yes
2747,3.81,yes
2748,3.61,yes
2749,3.98,yes
2750,3.89,yes
2751,3.52,yes
2752,3.71,yes
2753,3.58,yes
2754,3.88,yes
2755,4.15,yes
2756,4.15,yes
2757,4.01,yes
2758,4.08,yes
2759,3.92,yes
2760,3.84,yes
2761,3.78,yes
2762,3.42,yes
2763,3.88,yes
2764,3.06,yes
2765,3.76,yes
2766,3.79,yes
2767,3.75,yes
2768,3.60,yes
2769,3.78,yes
2770,3.53,yes
2771,3.85,yes
2772,3.60,yes
2773,4.03,yes
2774,3.72,yes
2775,3.37,yes
2776,3.96,yes
2777,3.66,yes
2778,3.96,yes
2779,3.95,yes
2780,3.61,yes
2781,3.87,yes
2782,3.61,yes
2783,3.71,yes
2784,4.48,yes
2785,4.04,yes
2786,3.69,yes
2787,3.96,yes
2788,3.61,yes
2789,3.92,yes
2790,3.93,yes
2791,3.42,yes
2792,3.51,yes
2793,3.91,yes
2794,3.74,yes
2795,4.10,yes
2796,3.85,yes
2797,3.98,yes
2798,3.59,yes
2799,3.99,yes
2800,4.00,yes
2801,4.29,yes
2802,3.96,yes
2803,4.11,yes
2804,3.71,yes
2805,3.67,yes
2806,3.87,yes
2807,3.97,yes
2808,3.51,yes
2809,4.16,yes
2810,4.19,yes
2811,3.74,yes
2812,4.23,yes
2813,3.87,yes
2814,3.60,yes
2815,3.55,yes
2816,3.55,yes
2817,3.64,yes
2818,3.68,yes
2819,3.50,yes
2820,3.90,yes
2821,3.93,yes
2822,4.21,yes
2823,3.77,yes
2824,3.75,yes
2825,4.21,yes
2826,3.66,yes
2827,4.20,yes
2828,3.99,yes
2829,3.93,yes
2830,3.76,yes
2831,3.93,yes
2832,4.07,yes
2833,3.50,yes
2834,3.93,yes
2835,3.71,yes
2836,3.92,yes
2837,4.15,yes
2838,3.65,yes
2839,3.74,yes
2840,3.76,yes
2841,3.56,yes
2842,4.04,yes
2843,3.71,yes
2844,3.84,yes
2845,3.69,yes
2846,3.73,yes
2847,3.91,yes
2848,3.64,yes
2849,3.58,yes
2850,3.48,yes
2851,3.80,yes
2852,4.18,yes
2853,3.69,yes
2854,3.88,yes
2855,4.07,yes
2856,4.11,yes
2857,3.59,yes
2858,3.73,yes
2859,3.88,yes
2860,3.55,yes
2861,3.99,yes
2862,3.89,yes
2863,3.78,yes
2864,3.93,yes
2865,3.95,yes
2866,3.96,yes
2867,4.10,yes
2868,3.66,yes
2869,3.55,yes
2870,3.87,yes
2871,3.62,yes
2872,3.80,yes
2873,3.58,yes
2874,3.61,yes
2875,3.57,yes
2876,3.60,yes
2877,3.61,yes
2878,4.20,yes
2879,3.96,yes
2880,3.89,yes
2881,3.52,yes
2882,3.90,yes
2883,3.44,yes
2884,3.43,yes
2885,3.68,yes
2886,3.95,yes
2887,3.58,yes
2888,3.64,yes
2889,3.94,yes
2890,3.59,yes
2891,3.71,yes
2892,3.76,yes
2893,3.93,yes
2894,3.82,yes
2895,3.66,yes
2896,3.89,yes
2897,3.85,yes
2898,3.68,yes
2899,3.79,yes
2900,3.61,yes
2901,3.57,yes
2902,3.72,yes
2903,3.92,yes
2904,4.10,yes
2905,3.75,yes
2906,3.88,yes
2907,3.97,yes
2908,3.52,yes
2909,3.51,yes
2910,4.13,yes
2911,4.03,yes
2912,3.93,yes
2913,4.03,yes
2914,3.80,yes
2915,4.19,yes
2916,4.07,yes
2917,3.73,yes
2918,3.86,yes
2919,3.91,yes
2920,3.88,yes
2921,3.75,yes
2922,3.82,yes
2923,3.80,yes
2924,3.40,yes
2925,3.76,yes
2926,4.02,yes
2927,3.59,yes
2928,3.38,yes
2929,4.17,yes
2930,4.02,yes
2931,3.97,yes
2932,3.82,yes
2933,4.19,yes
2934,3.99,yes
2935,3.95,yes
2936,3.86,yes
2937,3.31,yes
2938,4.36,yes
2939,3.58,yes
2940,4.10,yes
2941,3.85,yes
2942,3.74,yes
2943,3.71,yes
2944,3.84,yes
2945,4.16,yes
2946,4.03,yes
2947,3.95,yes
2948,4.45,yes
2949,4.37,yes
2950,4.19,yes
2951,3.89,yes
2952,3.91,yes
2953,4.16,yes
2954,3.34,yes
2955,3.91,yes
2956,3.83,yes
2957,4.01,yes
2958,3.67,yes
2959,4.08,yes
2960,4.05,yes
2961,3.94,yes
2962,3.97,yes
2963,4.18,yes
2964,3.95,yes
2965,4.18,yes
2966,3.82,yes
2967,4.37,yes
2968,3.41,yes
2969,3.96,yes
2970,3.33,yes
2971,3.89,yes
2972,4.03,yes
2973,3.86,yes
2974,3.89,yes
2975,4.22,yes
2976,4.09,yes
2977,3.37,yes
2978,4.19,yes
2979,3.99,yes
2980,4.16,yes
2981,3.48,yes
2982,3.88,yes
2983,3.71,yes
2984,3.96,yes
2985,3.48,yes
2986,4.06,yes
2987,4.31,yes
2988,3.96,yes
2989,3.73,yes
2990,3.71,yes
2991,3.85,yes
2992,4.03,yes
2993,4.12,yes
2994,3.92,yes
2995,3.93,yes
2996,3.75,yes
2997,3.87,yes
2998,3.86,yes
2999,3.91,yes
3000,3.74,yes
3001,3.67,yes
3002,3.93,yes
3003,3.80,yes
3004,3.81,yes
3005,3.74,yes
3006,3.38,yes
3007,4.28,yes
3008,4.05,yes
3009,3.60,yes
3010,3.92,yes
3011,4.00,yes
3012,4.01,yes
3013,3.70,yes
3014,4.06,yes
3015,3.75,yes
3016,3.79,yes
3017,3.26,yes
3018,4.47,yes
3019,4.18,yes
3020,3.97,yes
3021,3.94,yes
3022,3.34,yes
3023,3.38,yes
3024,3.41,yes
3025,4.07,yes
3026,3.61,yes
3027,3.76,yes
3028,3.47,yes
3029,3.73,yes
3030,3.87,yes
3031,5.00,yes
3032,4.12,yes
3033,3.92,yes
3034,3.93,yes
3035,3.88,yes
3036,3.74,yes
3037,3.85,yes
3038,4.52,yes
3039,3.56,yes
3040,3.65,yes
3041,3.43,yes
3042,3.80,yes
3043,3.54,yes
3044,3.87,yes
3045,4.43,yes
3046,3.96,yes
3047,3.88,yes
3048,3.53,yes
3049,3.68,yes
3050,3.90,yes
3051,3.63,yes
3052,3.69,yes
3053,3.80,yes
3054,3.71,yes
3055,4.27,yes
3056,4.42,yes
3057,3.81,yes
3058,3.92,yes
3059,3.99,yes
3060,3.72,yes
3061,3.57,yes
3062,3.83,yes
3063,3.65,yes
3064,3.96,yes
3065,3.65,yes
3066,3.41,yes
3067,4.07,yes
3068,4.03,yes
3069,3.66,yes
3070,3.86,yes
3071,3.99,yes
3072,3.53,yes
3073,4.26,yes
3074,4.05,yes
3075,3.56,yes
3076,4.06,yes
3077,3.42,yes
3078,3.75,yes
3079,3.57,yes
3080,3.55,yes
3081,3.51,yes
3082,3.92,yes
3083,7.32,yes
3084,3.79,yes
3085,3.41,yes
3086,3.45,yes
3087,3.92,yes
3088,4.04,yes
3089,3.78,yes
3090,3.91,yes
3091,3.86,yes
3092,3.28,yes
3093,3.99,yes
3094,3.75,yes
3095,4.12,yes
3096,4.40,yes
3097,3.80,yes
3098,3.80,yes
3099,4.10,yes
3100,3.45,yes
3101,3.96,yes
3102,3.90,yes
3103,3.83,yes
3104,3.41,yes
3105,3.79,yes
3106,4.09,yes
3107,3.90,yes
3108,4.04,yes
3109,3.95,yes
3110,3.92,yes
3111,3.71,yes
3112,4.09,yes
3113,3.99,yes
3114,4.02,yes
3115,3.85,yes
3116,3.94,yes
3117,3.81,yes
3118,3.48,yes
3119,3.42,yes
3120,4.04,yes
3121,3.90,yes
3122,3.95,yes
3123,3.56,yes
3124,3.98,yes
3125,3.72,yes
3126,3.61,yes
3127,4.34,yes
3128,4.97,yes
3129,3.76,yes
3130,3.86,yes
3131,4.22,yes
3132,3.87,yes
3133,3.67,yes
3134,3.79,yes
3135,3.84,yes
3136,3.72,yes
3137,3.57,yes
3138,4.09,yes
3139,4.13,yes
3140,3.93,yes
3141,3.85,yes
3142,3.99,yes
3143,3.44,yes
3144,3.81,yes
3145,3.95,yes
3146,3.78,yes
3147,3.87,yes
3148,6.73,yes
3149,3.64,yes
3150,3.99,yes
3151,3.85,yes
3152,4.17,yes
3153,3.61,yes
3154,3.38,yes
3155,3.52,yes
3156,4.49,yes
3157,3.65,yes
3158,3.96,yes
3159,3.79,yes
3160,3.42,yes
3161,3.64,yes
3162,3.53,yes
3163,3.47,yes
3164,3.83,yes
3165,4.33,yes
3166,4.02,yes
3167,3.44,yes
3168,4.21,yes
3169,3.59,yes
3170,4.02,yes
3171,3.99,yes
3172,4.22,yes
3173,3.29,yes
3174,3.70,yes
3175,3.92,yes
3176,3.45,yes
3177,3.96,yes
3178,4.32,yes
3179,4.71,yes
3180,4.13,yes
3181,3.85,yes
3182,3.88,yes
3183,3.78,yes
3184,4.05,yes
3185,3.92,yes
3186,4.10,yes
3187,4.19,yes
3188,3.59,yes
3189,4.07,yes
3190,4.11,yes
3191,4.10,yes
3192,3.99,yes
3193,3.79,yes
3194,3.70,yes
3195,4.09,yes
3196,4.07,yes
3197,3.97,yes
3198,4.05,yes
3199,4.01,yes
3200,3.91,yes
3201,3.85,yes
3202,4.06,yes
3203,4.14,yes
3204,3.32,yes
3205,4.18,yes
3206,3.21,yes
3207,3.87,yes
3208,4.02,yes
3209,3.79,yes
3210,3.65,yes
3211,3.87,yes
3212,3.54,yes
3213,3.77,yes
3214,3.54,yes
3215,3.59,yes
3216,4.43,yes
3217,3.81,yes
3218,4.00,yes
3219,3.95,yes
3220,3.83,yes
3221,3.55,yes
3222,3.89,yes
3223,3.61,yes
3224,3.80,yes
3225,4.02,yes
3226,3.82,yes
3227,3.70,yes
3228,3.78,yes
3229,4.08,yes
3230,3.90,yes
3231,3.44,yes
3232,4.04,yes
3233,4.06,yes
3234,3.85,yes
3235,4.62,yes
3236,3.68,yes
3237,4.35,yes
3238,3.82,yes
3239,3.66,yes
3240,4.27,yes
3241,4.00,yes
3242,4.21,yes
3243,3.92,yes
3244,3.89,yes
3245,4.26,yes
3246,4.28,yes
3247,4.61,yes
3248,3.45,yes
3249,3.87,yes
3250,3.75,yes
3251,3.67,yes
3252,4.03,yes
3253,3.65,yes
3254,4.00,yes
3255,3.55,yes
3256,4.18,yes
3257,3.63,yes
3258,3.77,yes
3259,3.67,yes
3260,3.64,yes
3261,3.68,yes
3262,4.04,yes
3263,3.75,yes
3264,3.87,yes
3265,4.21,yes
3266,3.69,yes
3267,3.53,yes
3268,3.60,yes
3269,3.67,yes
3270,4.24,yes
3271,4.04,yes
3272,3.71,yes
3273,3.77,yes
3274,3.52,yes
3275,3.55,yes
3276,3.30,yes
3277,3.94,yes
3278,3.71,yes
3279,4.06,yes
3280,3.73,yes
3281,3.85,yes
3282,3.38,yes
3283,3.71,yes
3284,4.02,yes
3285,3.42,yes
3286,3.51,yes
3287,3.61,yes
3288,4.07,yes
3289,3.57,yes
3290,3.62,yes
3291,3.44,yes
3292,3.51,yes
3293,3.70,yes
3294,3.97,yes
3295,4.02,yes
3296,3.80,yes
3297,4.15,yes
3298,3.51,yes
3299,3.50,yes
3300,4.25,yes
3301,3.52,yes
3302,4.10,yes
3303,4.07,yes
3304,3.90,yes
3305,3.87,yes
3306,3.76,yes
3307,3.09,yes
3308,3.94,yes
3309,3.98,yes
3310,3.92,yes
3311,3.56,yes
3312,3.96,yes
3313,3.86,yes
3314,4.08,yes
3315,3.62,yes
3316,3.58,yes
3317,3.91,yes
3318,3.89,yes
3319,4.10,yes
3320,3.94,yes
3321,3.89,yes
3322,3.79,yes
3323,3.80,yes
3324,3.57,yes
3325,3.50,yes
3326,3.78,yes
3327,3.79,yes
3328,3.87,yes
3329,3.90,yes
3330,3.79,yes
3331,3.73,yes
3332,4.01,yes
3333,3.83,yes
3334,3.49,yes
3335,3.81,yes
3336,3.70,yes
3337,3.38,yes
3338,3.96,yes
3339,3.74,yes
3340,3.82,yes
3341,3.70,yes
3342,3.94,yes
3343,3.89,yes
3344,3.93,yes
3345,3.50,yes
3346,4.07,yes
3347,3.90,yes
3348,3.76,yes
3349,3.70,yes
3350,3.77,yes
3351,3.36,yes
3352,3.74,yes
3353,3.86,yes
3354,3.74,yes
3355,3.40,yes
3356,3.84,yes
3357,3.67,yes
3358,4.00,yes
3359,4.13,yes
3360,6.58,yes
3361,3.80,yes
3362,4.12,yes
3363,3.82,yes
3364,4.15,yes
3365,3.48,yes
3366,3.84,yes
3367,3.77,yes
3368,3.63,yes
3369,3.53,yes
3370,3.61,yes
3371,3.36,yes
3372,3.71,yes
3373,3.76,yes
3374,3.25,yes
3375,3.85,yes
3376,3.88,yes
3377,3.74,yes
3378,3.81,yes
3379,4.07,yes
3380,3.97,yes
3381,3.92,yes
3382,3.43,yes
3383,4.01,yes
3384,4.00,yes
3385,3.59,yes
3386,4.12,yes
3387,4.39,yes
3388,4.34,yes
3389,3.37,yes
3390,3.81,yes
3391,3.73,yes
3392,3.56,yes
3393,4.36,yes
3394,4.16,yes
3395,2.84,yes
3396,3.84,yes
3397,3.79,yes
3398,4.14,yes
3399,3.63,yes
3400,4.03,yes
3401,3.58,yes
3402,3.74,yes
3403,4.15,yes
3404,3.84,yes
3405,4.08,yes
3406,4.14,yes
3407,3.43,yes
3408,4.04,yes
3409,3.60,yes
3410,3.99,yes
3411,3.43,yes
3412,3.47,yes
3413,3.84,yes
3414,3.50,yes
3415,3.78,yes
3416,3.83,yes
3417,3.57,yes
3418,4.28,yes
3419,4.15,yes
3420,3.78,yes
3421,3.83,yes
3422,4.32,yes
3423,4.26,yes
3424,3.39,yes
3425,3.65,yes
3426,4.01,yes
3427,4.01,yes
3428,4.14,yes
3429,3.50,yes
3430,3.75,yes
3431,4.00,yes
3432,3.70,yes
3433,3.54,yes
3434,3.49,yes
3435,3.74,yes
3436,3.80,yes
3437,4.32,yes
3438,3.32,yes
3439,3.73,yes
3440,3.77,yes
3441,4.47,yes
3442,3.54,yes
3443,3.64,yes
3444,3.54,yes
3445,3.46,yes
3446,3.57,yes
3447,3.68,yes
3448,3.59,yes
3449,4.13,yes
3450,3.78,yes
3451,3.64,yes
3452,3.84,yes
3453,3.69,yes
3454,4.16,yes
3455,3.86,yes
3456,3.57,yes
3457,3.64,yes
3458,3.38,yes
3459,3.50,yes
3460,3.69,yes
3461,4.13,yes
3462,3.49,yes
3463,3.98,yes
3464,4.44,yes
3465,3.99,yes
3466,3.92,yes
3467,4.10,yes
3468,6.01,yes
3469,4.21,yes
3470,3.80,yes
3471,4.16,yes
3472,4.07,yes
3473,3.39,yes
3474,3.96,yes
3475,3.94,yes
3476,3.95,yes
3477,3.71,yes
3478,3.53,yes
3479,3.61,yes
3480,4.17,yes
3481,3.51,yes
3482,4.13,yes
3483,4.08,yes
3484,4.18,yes
3485,3.73,yes
3486,3.97,yes
3487,4.03,yes
3488,4.02,yes
3489,3.86,yes
3490,3.52,yes
3491,3.55,yes
3492,4.17,yes
3493,4.26,yes
3494,3.87,yes
3495,3.96,yes
3496,3.89,yes
3497,3.51,yes
3498,3.80,yes
3499,4.07,yes
3500,3.73,yes
3501,3.80,yes
3502,3.98,yes
3503,3.85,yes
3504,3.93,yes
3505,4.19,yes
3506,3.98,yes
3507,3.97,yes
3508,3.96,yes
3509,3.72,yes
3510,4.18,yes
3511,4.20,yes
3512,3.92,yes
3513,3.65,yes
3514,3.78,yes
3515,4.09,yes
3516,3.67,yes
3517,3.69,yes
3518,3.86,yes
3519,3.73,yes
3520,3.74,yes
3521,4.02,yes
3522,4.09,yes
3523,3.90,yes
3524,3.64,yes
3525,3.61,yes
3526,3.58,yes
3527,4.27,yes
3528,4.00,yes
3529,4.00,yes
3530,3.49,yes
3531,3.86,yes
3532,3.45,yes
3533,3.87,yes
3534,3.85,yes
3535,3.84,yes
3536,3.53,yes
3537,4.08,yes
3538,3.39,yes
3539,3.86,yes
3540,3.53,yes
3541,6.46,yes
3542,3.85,yes
3543,3.77,yes
3544,3.87,yes
3545,3.68,yes
3546,3.24,yes
3547,3.84,yes
3548,4.00,yes
3549,3.82,yes
3550,3.40,yes
3551,3.95,yes
3552,3.93,yes
3553,3.98,yes
3554,3.58,yes
3555,3.80,yes
3556,3.95,yes
3557,3.85,yes
3558,3.83,yes
3559,3.63,yes
3560,3.58,yes
3561,3.68,yes
3562,4.21,yes
3563,3.85,yes
3564,3.70,yes
3565,3.99,yes
3566,4.14,yes
3567,2.90,yes
3568,3.76,yes
3569,4.16,yes
3570,3.89,yes
3571,3.96,yes
3572,3.99,yes
3573,3.73,yes
3574,3.73,yes
3575,3.84,yes
3576,3.88,yes
3577,3.59,yes
3578,4.03,yes
3579,3.80,yes
3580,3.57,yes
3581,3.75,yes
3582,3.77,yes
3583,3.67,yes
3584,4.02,yes
3585,3.30,yes
3586,4.54,yes
3587,4.14,yes
3588,3.92,yes
3589,3.81,yes
3590,3.60,yes
3591,3.38,yes
3592,4.21,yes
3593,4.00,yes
3594,4.18,yes
3595,3.66,yes
3596,3.77,yes
3597,3.30,yes
3598,3.56,yes
3599,4.16,yes
3600,3.53,yes
3601,3.76,yes
3602,4.42,yes
3603,3.93,yes
3604,3.74,yes
3605,3.79,yes
3606,3.63,yes
3607,3.83,yes
3608,3.45,yes
3609,3.85,yes
3610,3.93,yes
3611,3.58,yes
3612,4.11,yes
3613,3.73,yes
3614,4.15,yes
3615,3.70,yes
3616,3.93,yes
3617,3.63,yes
3618,3.61,yes
3619,3.63,yes
3620,4.07,yes
3621,3.71,yes
3622,3.89,yes
3623,4.15,yes
3624,3.51,yes
3625,3.65,yes
3626,3.52,yes
3627,4.07,yes
3628,3.46,yes
3629,3.26,yes
3630,3.59,yes
3631,4.05,yes
3632,4.18,yes
3633,3.78,yes
3634,3.82,yes
3635,3.88,yes
3636,3.55,yes
3637,3.80,yes
3638,3.46,yes
3639,3.42,yes
3640,3.96,yes
3641,3.59,yes
3642,3.62,yes
3643,3.88,yes
3644,4.42,yes
3645,3.99,yes
3646,4.16,yes
3647,3.56,yes
3648,3.72,yes
3649,3.78,yes
3650,3.73,yes
3651,3.93,yes
3652,6.30,yes
3653,4.03,yes
3654,3.96,yes
3655,3.87,yes
3656,4.03,yes
3657,3.89,yes
3658,3.95,yes
3659,4.04,yes
3660,3.47,yes
3661,4.00,yes
3662,3.57,yes
3663,3.92,yes
3664,3.44,yes
3665,3.86,yes
3666,4.12,yes
3667,2.61,yes
3668,3.64,yes
3669,4.35,yes
3670,3.85,yes
3671,4.12,yes
3672,3.68,yes
3673,3.91,yes
3674,3.55,yes
3675,4.00,yes
3676,3.99,yes
3677,3.75,yes
3678,3.92,yes
3679,3.51,yes
3680,3.66,yes
3681,3.51,yes
3682,4.30,yes
3683,4.08,yes
3684,3.77,yes
3685,3.76,yes
3686,4.03,yes
3687,4.25,yes
3688,3.79,yes
3689,3.93,yes
3690,3.76,yes
3691,3.86,yes
3692,4.01,yes
3693,3.52,yes
3694,3.74,yes
3695,3.37,yes
3696,3.77,yes
3697,3.72,yes
3698,3.78,yes
3699,3.77,yes
3700,3.42,yes
3701,3.84,yes
3702,3.43,yes
3703,3.46,yes
3704,4.25,yes
3705,3.97,yes
3706,3.92,yes
3707,3.76,yes
3708,3.73,yes
3709,3.98,yes
3710,3.94,yes
3711,3.90,yes
3712,3.87,yes
3713,3.44,yes
3714,4.05,yes
3715,3.73,yes
3716,3.98,yes
3717,3.85,yes
3718,4.09,yes
3719,3.99,yes
3720,3.23,yes
3721,3.93,yes
3722,4.27,yes
3723,3.58,yes
3724,3.49,yes
3725,3.84,yes
3726,3.50,yes
3727,4.14,yes
3728,3.95,yes
3729,3.43,yes
3730,3.78,yes
3731,3.30,yes
3732,3.85,yes
3733,3.78,yes
3734,4.04,yes
3735,3.91,yes
3736,3.88,yes
3737,4.26,yes
3738,3.88,yes
3739,3.61,yes
3740,3.50,yes
3741,4.43,yes
3742,3.76,yes
3743,4.05,yes
3744,3.36,yes
3745,4.23,yes
3746,4.32,yes
3747,4.18,yes
3748,3.79,yes
3749,4.10,yes
3750,3.86,yes
3751,3.97,yes
3752,3.87,yes
3753,3.95,yes
3754,4.24,yes
3755,3.83,yes
3756,3.63,yes
3757,3.45,yes
3758,4.01,yes
3759,3.90,yes
3760,3.62,yes
3761,3.57,yes
3762,3.96,yes
3763,3.81,yes
3764,3.96,yes
3765,3.72,yes
3766,3.57,yes
3767,3.75,yes
3768,3.83,yes
3769,3.75,yes
3770,3.83,yes
3771,4.17,yes
3772,3.68,yes
3773,3.86,yes
3774,3.56,yes
3775,3.60,yes
3776,3.64,yes
3777,3.70,yes
3778,3.59,yes
3779,4.11,yes
3780,3.52,yes
3781,3.87,yes
3782,3.61,yes
3783,3.85,yes
3784,3.98,yes
3785,3.93,yes
3786,3.67,yes
3787,3.36,yes
3788,4.05,yes
3789,3.84,yes
3790,3.41,yes
3791,4.02,yes
3792,3.27,yes
3793,3.39,yes
3794,3.60,yes
3795,3.74,yes
3796,3.92,yes
3797,3.96,yes
3798,4.08,yes
3799,3.70,yes
3800,4.18,yes
3801,3.62,yes
3802,3.94,yes
3803,3.56,yes
3804,4.11,yes
3805,3.73,yes
3806,3.93,yes
3807,3.89,yes
3808,3.98,yes
3809,3.90,yes
3810,3.62,yes
3811,3.89,yes
3812,3.91,yes
3813,3.86,yes
3814,4.03,yes
3815,4.08,yes
3816,3.60,yes
3817,4.09,yes
3818,3.71,yes
3819,3.81,yes
3820,4.00,yes
3821,3.77,yes
3822,3.59,yes
3823,3.98,yes
3824,3.66,yes
3825,3.15,yes
3826,3.36,yes
3827,3.71,yes
3828,3.56,yes
3829,3.92,yes
3830,3.38,yes
3831,3.55,yes
3832,4.00,yes
3833,3.45,yes
3834,4.00,yes
3835,3.75,yes
3836,3.77,yes
3837,4.52,yes
3838,3.82,yes
3839,3.57,yes
3840,3.47,yes
3841,3.40,yes
3842,3.86,yes
3843,4.21,yes
3844,3.77,yes
3845,4.00,yes
3846,4.00,yes
3847,3.80,yes
3848,4.32,yes
3849,3.84,yes
3850,3.42,yes
3851,3.45,yes
3852,3.60,yes
3853,3.86,yes
3854,3.34,yes
3855,3.51,yes
3856,3.93,yes
3857,4.37,yes
3858,4.56,yes
3859,5.33,yes
3860,4.11,yes
3861,4.03,yes
3862,3.83,yes
3863,4.35,yes
3864,3.98,yes
3865,3.75,yes
3866,4.03,yes
3867,3.85,yes
3868,3.87,yes
3869,3.94,yes
3870,3.91,yes
3871,3.76,yes
3872,3.82,yes
3873,3.44,yes
3874,3.49,yes
3875,3.69,yes
3876,4.14,yes
3877,3.60,yes
3878,3.84,yes
3879,3.52,yes
3880,3.51,yes
3881,3.70,yes
3882,3.81,yes
3883,3.83,yes
3884,3.89,yes
3885,3.50,yes
3886,3.42,yes
3887,3.62,yes
3888,4.02,yes
3889,3.96,yes
3890,3.67,yes
3891,3.72,yes
3892,3.88,yes
3893,4.03,yes
3894,3.52,yes
3895,3.42,yes
3896,4.12,yes
3897,3.57,yes
3898,3.70,yes
3899,5.43,yes
3900,3.85,yes
3901,3.60,yes
3902,3.81,yes
3903,4.14,yes
3904,3.67,yes
3905,3.95,yes
3906,4.02,yes
3907,3.89,yes
3908,4.67,yes
3909,3.39,yes
3910,3.96,yes
3911,3.43,yes
3912,4.25,yes
3913,3.85,yes
3914,3.85,yes
3915,3.58,yes
3916,3.89,yes
3917,3.78,yes
3918,3.48,yes
3919,3.40,yes
3920,4.08,yes
3921,4.33,yes
3922,3.87,yes
3923,3.63,yes
3924,3.95,yes
3925,3.86,yes
3926,3.71,yes
3927,3.57,yes
3928,3.81,yes
3929,3.73,yes
3930,3.95,yes
3931,3.44,yes
3932,3.78,yes
3933,3.92,yes
3934,4.03,yes
3935,3.46,yes
3936,3.50,yes
3937,3.34,yes
3938,4.43,yes
3939,3.71,yes
3940,3.87,yes
3941,3.67,yes
3942,3.99,yes
3943,3.73,yes
3944,4.14,yes
3945,3.67,yes
3946,3.68,yes
3947,3.95,yes
3948,3.63,yes
3949,3.71,yes
3950,4.08,yes
3951,4.15,yes
3952,3.88,yes
3953,3.99,yes
3954,3.44,yes
3955,3.75,yes
3956,3.80,yes
3957,3.99,yes
3958,4.19,yes
3959,3.41,yes
3960,3.98,yes
3961,3.63,yes
3962,3.83,yes
3963,3.11,yes
3964,3.98,yes
3965,4.49,yes
3966,3.42,yes
3967,4.06,yes
3968,3.51,yes
3969,3.41,yes
3970,3.88,yes
3971,3.74,yes
3972,3.43,yes
3973,3.74,yes
3974,4.31,yes
3975,3.73,yes
3976,4.01,yes
3977,3.62,yes
3978,3.85,yes
3979,3.99,yes
3980,3.88,yes
3981,4.23,yes
3982,4.04,yes
3983,4.00,yes
3984,3.61,yes
3985,3.71,yes
3986,3.59,yes
3987,4.10,yes
3988,3.64,yes
3989,3.60,yes
3990,3.73,yes
3991,4.01,yes
3992,3.83,yes
3993,4.32,yes
3994,3.49,yes
3995,3.86,yes
3996,3.65,yes
3997,4.37,yes
3998,3.65,yes
3999,3.52,yes
4000,3.69,yes
4001,3.58,yes
4002,3.68,yes
4003,4.01,yes
4004,6.17,yes
4005,3.95,yes
4006,3.50,yes
4007,3.77,yes
4008,3.54,yes
4009,3.72,yes
4010,3.71,yes
4011,3.86,yes
4012,4.00,yes
4013,3.97,yes
4014,3.68,yes
4015,3.93,yes
4016,3.79,yes
4017,3.94,yes
4018,3.76,yes
4019,3.93,yes
4020,3.68,yes
4021,3.91,yes
4022,3.51,yes
4023,3.56,yes
4024,4.08,yes
4025,4.14,yes
4026,3.62,yes
4027,3.88,yes
4028,4.02,yes
4029,3.53,yes
4030,4.07,yes
4031,4.04,yes
4032,3.91,yes
4033,4.00,yes
4034,3.80,yes
4035,3.64,yes
4036,3.60,yes
4037,3.99,yes
4038,3.63,yes
4039,4.17,yes
4040,4.26,yes
4041,4.18,yes
4042,4.09,yes
4043,3.86,yes
4044,3.51,yes
4045,3.98,yes
4046,4.04,yes
4047,2.73,yes
4048,3.91,yes
4049,3.83,yes
4050,3.86,yes
4051,4.14,yes
4052,3.59,yes
4053,3.93,yes
4054,3.93,yes
4055,3.86,yes
4056,3.71,yes
4057,3.85,yes
4058,3.85,yes
4059,3.66,yes
4060,3.99,yes
4061,3.71,yes
4062,3.99,yes
4063,3.71,yes
4064,4.03,yes
4065,3.59,yes
4066,3.89,yes
4067,4.38,yes
4068,4.38,yes
4069,3.90,yes
4070,3.71,yes
4071,31.06,yes
4072,3.84,yes
4073,3.87,yes
4074,3.79,yes
4075,3.99,yes
4076,3.43,yes
4077,3.95,yes
4078,4.22,yes
4079,3.45,yes
4080,3.71,yes
4081,3.89,yes
4082,3.84,yes
4083,3.84,yes
4084,3.96,yes
4085,3.94,yes
4086,3.82,yes
4087,3.75,yes
4088,4.16,yes
4089,3.83,yes
4090,3.39,yes
4091,3.74,yes
4092,4.06,yes
4093,4.90,yes
4094,3.78,yes
4095,3.99,yes
4096,4.27,yes
4097,3.79,yes
4098,3.96,yes
4099,3.85,yes
4100,4.10,yes
4101,4.66,yes
4102,3.94,yes
4103,4.12,yes
4104,3.78,yes
4105,3.87,yes
4106,3.69,yes
4107,3.90,yes
4108,3.49,yes
4109,3.78,yes
4110,3.74,yes
4111,3.87,yes
4112,4.12,yes
4113,3.63,yes
4114,4.11,yes
4115,3.97,yes
4116,3.99,yes
4117,3.77,yes
4118,3.52,yes
4119,4.08,yes
4120,3.93,yes
4121,3.93,yes
4122,3.99,yes
4123,3.78,yes
4124,3.86,yes
4125,3.88,yes
4126,3.99,yes
4127,3.72,yes
4128,3.70,yes
4129,3.63,yes
4130,4.16,yes
4131,3.51,yes
4132,3.58,yes
4133,3.49,yes
4134,3.62,yes
4135,3.34,yes
4136,4.12,yes
4137,3.80,yes
4138,3.55,yes
4139,3.62,yes
4140,3.87,yes
4141,3.86,yes
4142,3.87,yes
4143,3.90,yes
4144,4.13,yes
4145,3.99,yes
4146,3.99,yes
4147,3.76,yes
4148,4.03,yes
4149,4.01,yes
4150,3.62,yes
4151,4.02,yes
4152,3.76,yes
4153,3.80,yes
4154,3.61,yes
4155,4.03,yes
4156,3.41,yes
4157,3.59,yes
4158,4.15,yes
4159,4.05,yes
4160,3.40,yes
4161,3.67,yes
4162,4.14,yes
4163,4.28,yes
4164,4.20,yes
4165,3.98,yes
4166,4.01,yes
4167,4.26,yes
4168,3.68,yes
4169,3.97,yes
4170,3.79,yes
4171,3.67,yes
4172,4.00,yes
4173,3.62,yes
4174,4.15,yes
4175,4.08,yes
4176,3.55,yes
4177,3.87,yes
4178,4.05,yes
4179,3.85,yes
4180,3.53,yes
4181,3.72,yes
4182,4.00,yes
4183,3.81,yes
4184,4.10,yes
4185,3.90,yes
4186,3.99,yes
4187,3.58,yes
4188,3.36,yes
4189,4.07,yes
4190,3.69,yes
4191,3.92,yes
4192,3.38,yes
4193,3.91,yes
4194,3.93,yes
4195,4.00,yes
4196,3.34,yes
4197,3.71,yes
4198,4.02,yes
4199,3.95,yes
4200,3.79,yes
4201,3.55,yes
4202,3.81,yes
4203,3.87,yes
4204,4.18,yes
4205,3.86,yes
4206,3.22,yes
4207,4.05,yes
4208,4.47,yes
4209,3.88,yes
4210,3.95,yes
4211,3.78,yes
4212,3.86,yes
4213,3.59,yes
4214,3.76,yes
4215,3.64,yes
4216,3.51,yes
4217,3.94,yes
4218,3.38,yes
4219,3.55,yes
4220,4.06,yes
4221,3.57,yes
4222,3.46,yes
4223,3.95,yes
4224,4.10,yes
4225,4.16,yes
4226,3.88,yes
4227,4.25,yes
4228,3.70,yes
4229,3.70,yes
4230,3.95,yes
4231,3.55,yes
4232,3.56,yes
4233,4.16,yes
4234,3.66,yes
4235,3.48,yes
4236,3.73,yes
4237,4.12,yes
4238,3.93,yes
4239,3.52,yes
4240,3.80,yes
4241,3.61,yes
4242,3.42,yes
4243,3.86,yes
4244,3.63,yes
4245,3.95,yes
4246,3.61,yes
4247,3.72,yes
4248,3.89,yes
4249,3.48,yes
4250,3.92,yes
4251,4.02,yes
4252,4.15,yes
4253,3.58,yes
4254,4.01,yes
4255,3.52,yes
4256,3.66,yes
4257,3.73,yes
4258,4.35,yes
4259,4.36,yes
4260,3.91,yes
4261,3.51,yes
4262,3.77,yes
4263,3.82,yes
4264,3.85,yes
4265,3.47,yes
4266,3.69,yes
4267,3.59,yes
4268,3.70,yes
4269,3.59,yes
4270,3.49,yes
4271,3.71,yes
4272,3.61,yes
4273,4.10,yes
4274,3.90,yes
4275,3.72,yes
4276,3.68,yes
4277,3.70,yes
4278,3.51,yes
4279,3.71,yes
4280,5.03,yes
4281,3.37,yes
4282,4.06,yes
4283,3.83,yes
4284,4.13,yes
4285,3.72,yes
4286,3.42,yes
4287,3.99,yes
4288,3.59,yes
4289,3.96,yes
4290,3.89,yes
4291,4.00,yes
4292,3.74,yes
4293,3.79,yes
4294,4.06,yes
4295,3.79,yes
4296,3.99,yes
4297,3.69,yes
4298,3.62,yes
4299,4.43,yes
4300,3.51,yes
4301,3.65,yes
4302,3.36,yes
4303,3.60,yes
4304,4.26,yes
4305,3.66,yes
4306,4.04,yes
4307,3.78,yes
4308,4.04,yes
4309,3.36,yes
4310,3.87,yes
4311,3.63,yes
4312,3.49,yes
4313,4.39,yes
4314,3.48,yes
4315,3.73,yes
4316,3.72,yes
4317,4.26,yes
4318,4.08,yes
4319,3.92,yes
4320,4.03,yes
4321,4.08,yes
4322,3.72,yes
4323,3.71,yes
4324,3.85,yes
4325,4.14,yes
4326,3.60,yes
4327,4.01,yes
4328,3.97,yes
4329,3.98,yes
4330,3.74,yes
4331,3.99,yes
4332,3.58,yes
4333,3.49,yes
4334,3.76,yes
4335,3.74,yes
4336,3.83,yes
4337,4.15,yes
4338,3.90,yes
4339,3.42,yes
4340,3.37,yes
4341,3.93,yes
4342,4.11,yes
4343,4.20,yes
4344,3.74,yes
4345,3.49,yes
4346,4.05,yes
4347,3.72,yes
4348,3.61,yes
4349,3.71,yes
4350,3.60,yes
4351,3.31,yes
4352,3.86,yes
4353,3.28,yes
4354,3.86,yes
4355,3.68,yes
4356,3.79,yes
4357,3.59,yes
4358,4.04,yes
4359,3.55,yes
4360,3.73,yes
4361,3.71,yes
4362,3.85,yes
4363,3.48,yes
4364,3.36,yes
4365,4.02,yes
4366,4.02,yes
4367,3.42,yes
4368,3.94,yes
4369,3.60,yes
4370,3.64,yes
4371,3.46,yes
4372,4.07,yes
4373,4.06,yes
4374,3.92,yes
4375,3.78,yes
4376,3.77,yes
4377,3.90,yes
4378,3.41,yes
4379,4.00,yes
4380,3.84,yes
4381,3.62,yes
4382,3.66,yes
4383,3.79,yes
4384,3.55,yes
4385,3.82,yes
4386,3.85,yes
4387,3.79,yes
4388,3.78,yes
4389,3.33,yes
4390,3.92,yes
4391,4.00,yes
4392,3.15,yes
4393,3.70,yes
4394,3.85,yes
4395,3.28,yes
4396,3.65,yes
4397,3.95,yes
4398,3.86,yes
4399,3.91,yes
4400,3.41,yes
4401,3.65,yes
4402,3.44,yes
4403,3.76,yes
4404,3.74,yes
4405,4.17,yes
4406,3.62,yes
4407,3.50,yes
4408,3.65,yes
4409,3.59,yes
4410,3.95,yes
4411,4.07,yes
4412,4.12,yes
4413,3.81,yes
4414,3.82,yes
4415,4.25,yes
4416,3.63,yes
4417,3.91,yes
4418,3.74,yes
4419,3.61,yes
4420,3.79,yes
4421,3.67,yes
4422,3.62,yes
4423,3.86,yes
4424,3.89,yes
4425,3.90,yes
4426,3.64,yes
4427,3.62,yes
4428,3.34,yes
4429,3.94,yes
4430,3.71,yes
4431,3.56,yes
4432,4.37,yes
4433,3.66,yes
4434,4.02,yes
4435,3.49,yes
4436,4.13,yes
4437,3.90,yes
4438,3.33,yes
4439,4.21,yes
4440,3.96,yes
4441,3.85,yes
4442,3.65,yes
4443,3.78,yes
4444,4.05,yes
4445,3.80,yes
4446,3.75,yes
4447,3.96,yes
4448,3.88,yes
4449,4.17,yes
4450,4.23,yes
4451,3.92,yes
4452,3.99,yes
4453,3.72,yes
4454,4.12,yes
4455,3.86,yes
4456,4.00,yes
4457,3.82,yes
4458,4.08,yes
4459,4.04,yes
4460,4.02,yes
4461,3.90,yes
4462,3.62,yes
4463,3.75,yes
4464,3.58,yes
4465,3.79,yes
4466,3.44,yes
4467,3.58,yes
4468,3.84,yes
4469,3.80,yes
4470,4.10,yes
4471,3.94,yes
4472,4.01,yes
4473,3.66,yes
4474,3.96,yes
4475,3.48,yes
4476,3.90,yes
4477,3.43,yes
4478,3.33,yes
4479,3.81,yes
4480,4.51,yes
4481,3.88,yes
4482,3.52,yes
4483,3.93,yes
4484,3.63,yes
4485,3.33,yes
4486,3.77,yes
4487,3.31,yes
4488,4.05,yes
4489,4.01,yes
4490,4.01,yes
4491,4.29,yes
4492,4.54,yes
4493,3.94,yes
4494,4.49,yes
4495,3.57,yes
4496,3.73,yes
4497,3.87,yes
4498,3.87,yes
4499,4.01,yes
4500,3.50,yes
4501,3.85,yes
4502,3.85,yes
4503,3.69,yes
4504,3.30,yes
4505,3.94,yes
4506,3.59,yes
4507,3.61,yes
4508,3.90,yes
4509,3.73,yes
4510,3.44,yes
4511,3.46,yes
4512,3.95,yes
4513,4.33,yes
4514,3.68,yes
4515,3.84,yes
4516,4.14,yes
4517,3.49,yes
4518,3.92,yes
4519,3.38,yes
4520,3.73,yes
4521,3.83,yes
4522,3.69,yes
4523,3.49,yes
4524,3.76,yes
4525,3.80,yes
4526,3.61,yes
4527,3.96,yes
4528,3.69,yes
4529,3.64,yes
4530,3.85,yes
4531,3.68,yes
4532,4.01,yes
4533,3.98,yes
4534,3.33,yes
4535,3.48,yes
4536,4.74,yes
4537,3.95,yes
4538,4.13,yes
4539,3.67,yes
4540,3.86,yes
4541,3.75,yes
4542,4.04,yes
4543,3.61,yes
4544,3.94,yes
4545,3.74,yes
4546,3.71,yes
4547,3.62,yes
4548,4.39,yes
4549,3.52,yes
4550,3.68,yes
4551,3.97,yes
4552,3.83,yes
4553,3.61,yes
4554,3.58,yes
4555,3.94,yes
4556,3.75,yes
4557,3.99,yes
4558,3.73,yes
4559,3.56,yes
4560,3.94,yes
4561,4.15,yes
4562,3.74,yes
4563,4.11,yes
4564,3.51,yes
4565,3.67,yes
4566,3.59,yes
4567,3.38,yes
4568,3.74,yes
4569,3.89,yes
4570,3.54,yes
4571,3.50,yes
4572,3.84,yes
4573,3.70,yes
4574,3.83,yes
4575,3.60,yes
4576,4.13,yes
4577,3.62,yes
4578,3.61,yes
4579,3.87,yes
4580,4.13,yes
4581,3.64,yes
4582,3.91,yes
4583,4.47,yes
4584,3.98,yes
4585,4.10,yes
4586,3.89,yes
4587,4.22,yes
4588,3.48,yes
4589,3.57,yes
4590,4.04,yes
4591,3.77,yes
4592,3.84,yes
4593,4.24,yes
4594,3.91,yes
4595,4.04,yes
4596,3.90,yes
4597,3.68,yes
4598,3.86,yes
4599,3.91,yes
4600,3.84,yes
4601,4.14,yes
4602,3.89,yes
4603,3.53,yes
4604,3.77,yes
4605,3.52,yes
4606,3.97,yes
4607,3.54,yes
4608,3.83,yes
4609,4.14,yes
4610,3.58,yes
4611,3.69,yes
4612,3.55,yes
4613,3.75,yes
4614,3.93,yes
4615,3.64,yes
4616,4.36,yes
4617,4.03,yes
4618,4.07,yes
4619,3.97,yes
4620,3.82,yes
4621,4.20,yes
4622,3.80,yes
4623,3.89,yes
4624,4.04,yes
4625,3.62,yes
4626,4.17,yes
4627,3.73,yes
4628,3.79,yes
4629,3.80,yes
4630,4.15,yes
4631,3.74,yes
4632,4.11,yes
4633,3.97,yes
4634,3.83,yes
4635,4.01,yes
4636,3.79,yes
4637,4.29,yes
4638,3.81,yes
4639,3.53,yes
4640,3.68,yes
4641,3.68,yes
4642,4.03,yes
4643,3.81,yes
4644,3.58,yes
4645,3.84,yes
4646,3.70,yes
4647,3.85,yes
4648,3.58,yes
4649,4.13,yes
4650,4.14,yes
4651,3.75,yes
4652,3.82,yes
4653,3.58,yes
4654,4.07,yes
4655,3.48,yes
4656,3.72,yes
4657,7.01,yes
4658,3.83,yes
4659,4.15,yes
4660,3.64,yes
4661,3.88,yes
4662,4.09,yes
4663,3.78,yes
4664,4.21,yes
4665,3.77,yes
4666,3.64,yes
4667,3.75,yes
4668,4.20,yes
4669,3.86,yes
4670,3.70,yes
4671,4.33,yes
4672,3.93,yes
4673,3.63,yes
4674,3.82,yes
4675,3.43,yes
4676,3.92,yes
4677,4.27,yes
4678,3.50,yes
4679,2.74,yes
4680,4.40,yes
4681,3.72,yes
4682,3.78,yes
4683,3.83,yes
4684,3.63,yes
4685,3.99,yes
4686,4.11,yes
4687,3.79,yes
4688,3.89,yes
4689,3.80,yes
4690,3.90,yes
4691,3.81,yes
4692,3.60,yes
4693,3.74,yes
4694,4.31,yes
4695,3.43,yes
4696,3.58,yes
4697,3.72,yes
4698,3.76,yes
4699,3.51,yes
4700,3.91,yes
4701,3.39,yes
4702,3.79,yes
4703,3.39,yes
4704,4.13,yes
4705,3.40,yes
4706,3.99,yes
4707,3.72,yes
4708,3.92,yes
4709,3.78,yes
4710,3.86,yes
4711,3.89,yes
4712,3.73,yes
4713,3.61,yes
4714,3.80,yes
4715,3.80,yes
4716,3.84,yes
4717,3.93,yes
4718,3.91,yes
4719,3.94,yes
4720,4.11,yes
4721,3.81,yes
4722,4.11,yes
4723,4.06,yes
4724,4.03,yes
4725,4.08,yes
4726,3.90,yes
4727,4.88,yes
4728,3.57,yes
4729,3.37,yes
4730,3.51,yes
4731,3.96,yes
4732,4.02,yes
4733,3.76,yes
4734,3.52,yes
4735,3.67,yes
4736,3.83,yes
4737,3.37,yes
4738,3.65,yes
4739,3.49,yes
4740,4.25,yes
4741,3.92,yes
4742,3.39,yes
4743,4.04,yes
4744,3.77,yes
4745,3.65,yes
4746,3.70,yes
4747,3.97,yes
4748,3.91,yes
4749,3.95,yes
4750,3.60,yes
4751,3.53,yes
4752,4.01,yes
4753,4.19,yes
4754,4.02,yes
4755,3.73,yes
4756,3.87,yes
4757,3.64,yes
4758,4.36,yes
4759,3.80,yes
4760,3.63,yes
4761,3.85,yes
4762,3.64,yes
4763,3.72,yes
4764,4.00,yes
4765,3.68,yes
4766,3.67,yes
4767,4.08,yes
4768,3.71,yes
4769,3.85,yes
4770,3.64,yes
4771,3.61,yes
4772,3.91,yes
4773,3.60,yes
4774,4.43,yes
4775,3.88,yes
4776,3.91,yes
4777,4.23,yes
4778,4.28,yes
4779,3.38,yes
4780,3.89,yes
4781,4.15,yes
4782,3.82,yes
4783,4.02,yes
4784,4.15,yes
4785,3.37,yes
4786,3.96,yes
4787,3.85,yes
4788,3.86,yes
4789,3.87,yes
4790,3.76,yes
4791,3.76,yes
4792,3.76,yes
4793,3.80,yes
4794,4.06,yes
4795,3.98,yes
4796,3.67,yes
4797,3.40,yes
4798,3.83,yes
4799,3.49,yes
4800,4.08,yes
4801,4.19,yes
4802,3.68,yes
4803,4.01,yes
4804,3.45,yes
4805,3.93,yes
4806,4.02,yes
4807,3.76,yes
4808,3.41,yes
4809,3.58,yes
4810,3.67,yes
4811,3.90,yes
4812,3.69,yes
4813,3.78,yes
4814,3.98,yes
4815,3.72,yes
4816,3.77,yes
4817,4.14,yes
4818,3.55,yes
4819,4.03,yes
4820,3.45,yes
4821,3.89,yes
4822,3.71,yes
4823,4.00,yes
4824,3.80,yes
4825,4.11,yes
4826,4.02,yes
4827,3.96,yes
4828,3.76,yes
4829,3.75,yes
4830,3.61,yes
4831,4.18,yes
4832,3.79,yes
4833,3.95,yes
4834,4.02,yes
4835,3.93,yes
4836,4.06,yes
4837,3.55,yes
4838,3.82,yes
4839,4.23,yes
4840,4.00,yes
4841,3.90,yes
4842,3.83,yes
4843,3.90,yes
4844,3.81,yes
4845,4.04,yes
4846,3.69,yes
4847,3.92,yes
4848,4.21,yes
4849,3.93,yes
4850,3.84,yes
4851,3.96,yes
4852,3.99,yes
4853,3.94,yes
4854,3.96,yes
4855,3.80,yes
4856,3.85,yes
4857,3.62,yes
4858,3.73,yes
4859,3.81,yes
4860,3.72,yes
4861,4.08,yes
4862,3.82,yes
4863,3.87,yes
4864,4.18,yes
4865,3.94,yes
4866,4.14,yes
4867,3.71,yes
4868,3.72,yes
4869,4.03,yes
4870,3.69,yes
4871,4.06,yes
4872,4.12,yes
4873,3.71,yes
4874,3.95,yes
4875,3.92,yes
4876,3.90,yes
4877,3.58,yes
4878,4.09,yes
4879,3.81,yes
4880,3.81,yes
4881,3.93,yes
4882,3.85,yes
4883,3.69,yes
4884,4.18,yes
4885,3.96,yes
4886,3.83,yes
4887,3.68,yes
4888,4.37,yes
4889,3.87,yes
4890,3.67,yes
4891,3.89,yes
4892,3.43,yes
4893,3.38,yes
4894,3.60,yes
4895,7.52,yes
4896,3.99,yes
4897,3.71,yes
4898,3.60,yes
4899,3.69,yes
4900,3.72,yes
4901,3.97,yes
4902,3.88,yes
4903,3.40,yes
4904,4.01,yes
4905,4.06,yes
4906,3.76,yes
4907,3.85,yes
4908,3.93,yes
4909,3.95,yes
4910,3.60,yes
4911,3.70,yes
4912,3.90,yes
4913,3.95,yes
4914,3.64,yes
4915,3.89,yes
4916,3.97,yes
4917,3.53,yes
4918,3.87,yes
4919,3.66,yes
4920,3.80,yes
4921,3.71,yes
4922,3.93,yes
4923,3.77,yes
4924,4.27,yes
4925,3.84,yes
4926,4.03,yes
4927,3.57,yes
4928,3.77,yes
4929,3.69,yes
4930,5.39,yes
4931,3.74,yes
4932,3.36,yes
4933,3.51,yes
4934,3.40,yes
4935,3.87,yes
4936,4.33,yes
4937,4.16,yes
4938,3.89,yes
4939,4.05,yes
4940,3.98,yes
4941,4.04,yes
4942,4.04,yes
4943,3.88,yes
4944,3.84,yes
4945,4.04,yes
4946,4.14,yes
4947,3.98,yes
4948,3.69,yes
4949,4.02,yes
4950,3.74,yes
4951,3.94,yes
4952,3.92,yes
4953,4.09,yes
4954,4.19,yes
4955,3.62,yes
4956,3.91,yes
4957,3.95,yes
4958,3.56,yes
4959,3.59,yes
4960,4.56,yes
4961,3.67,yes
4962,4.02,yes
4963,3.49,yes
4964,3.87,yes
4965,3.96,yes
4966,3.89,yes
4967,3.96,yes
4968,3.95,yes
4969,3.74,yes
4970,4.15,yes
4971,3.76,yes
4972,3.61,yes
4973,3.62,yes
4974,3.35,yes
4975,3.55,yes
4976,3.96,yes
4977,3.33,yes
4978,3.77,yes
4979,3.71,yes
4980,3.92,yes
4981,3.98,yes
4982,3.42,yes
4983,3.80,yes
4984,3.99,yes
4985,4.12,yes
4986,4.12,yes
4987,3.95,yes
4988,3.35,yes
4989,3.58,yes
4990,3.87,yes
4991,4.02,yes
4992,3.66,yes
4993,3.58,yes
4994,4.02,yes
4995,3.58,yes
4996,4.17,yes
4997,3.42,yes
4998,4.19,yes
4999,3.68,yes
5000,4.21,yes
5001,4.14,yes
5002,4.31,yes
5003,3.94,yes
5004,3.43,yes
5005,3.93,yes
5006,3.99,yes
5007,4.00,yes
5008,4.18,yes
5009,3.72,yes
5010,3.49,yes
5011,4.04,yes
5012,3.90,yes
5013,4.04,yes
5014,3.89,yes
5015,3.69,yes
5016,4.08,yes
5017,3.80,yes
5018,3.86,yes
5019,3.91,yes
5020,3.61,yes
5021,3.83,yes
5022,3.67,yes
5023,4.13,yes
5024,3.76,yes
5025,3.73,yes
5026,3.83,yes
5027,3.79,yes
5028,3.66,yes
5029,4.09,yes
5030,4.32,yes
5031,3.86,yes
5032,3.99,yes
5033,3.77,yes
5034,3.70,yes
5035,4.05,yes
5036,4.03,yes
5037,3.89,yes
5038,3.66,yes
5039,3.90,yes
5040,3.49,yes
5041,3.77,yes
5042,3.75,yes
5043,3.84,yes
5044,3.57,yes
5045,3.77,yes
5046,4.11,yes
5047,3.50,yes
5048,3.78,yes
5049,3.86,yes
5050,4.25,yes
5051,3.51,yes
5052,3.66,yes
5053,3.02,yes
5054,3.46,yes
5055,4.00,yes
5056,4.20,yes
5057,4.24,yes
5058,3.63,yes
5059,3.58,yes
5060,4.60,yes
5061,3.56,yes
5062,3.45,yes
5063,3.61,yes
5064,3.31,yes
5065,4.11,yes
5066,3.65,yes
5067,3.93,yes
5068,4.30,yes
5069,3.36,yes
5070,3.85,yes
5071,3.78,yes
5072,3.82,yes
5073,3.52,yes
5074,3.93,yes
5075,3.60,yes
5076,4.03,yes
5077,3.85,yes
5078,3.90,yes
5079,4.56,yes
5080,4.38,yes
5081,4.21,yes
5082,3.73,yes
5083,4.20,yes
5084,3.41,yes
5085,4.11,yes
5086,4.11,yes
5087,3.56,yes
5088,3.63,yes
5089,3.90,yes
5090,3.89,yes
5091,3.90,yes
5092,3.49,yes
5093,3.80,yes
5094,3.78,yes
5095,3.86,yes
5096,3.99,yes
5097,4.14,yes
5098,3.78,yes
5099,3.60,yes
5100,4.14,yes
5101,3.86,yes
5102,3.86,yes
5103,3.75,yes
5104,3.80,yes
5105,3.77,yes
5106,4.09,yes
5107,3.92,yes
5108,3.94,yes
5109,3.73,yes
5110,4.00,yes
5111,3.57,yes
5112,3.89,yes
5113,4.03,yes
5114,3.46,yes
5115,4.27,yes
5116,3.59,yes
5117,4.02,yes
5118,4.01,yes
5119,3.39,yes
5120,3.90,yes
5121,3.89,yes
5122,4.18,yes
5123,3.97,yes
5124,3.78,yes
5125,3.68,yes
5126,3.82,yes
5127,3.34,yes
5128,3.94,yes
5129,4.05,yes
5130,4.09,yes
5131,4.29,yes
5132,3.32,yes
5133,3.97,yes
5134,3.62,yes
5135,3.85,yes
5136,3.88,yes
5137,4.03,yes
5138,4.22,yes
5139,4.09,yes
5140,4.04,yes
5141,3.80,yes
5142,3.78,yes
5143,4.01,yes
5144,3.50,yes
5145,4.08,yes
5146,3.96,yes
5147,3.69,yes
5148,3.80,yes
5149,3.96,yes
5150,3.99,yes
5151,4.01,yes
5152,3.41,yes
5153,4.50,yes
5154,3.58,yes
5155,3.39,yes
5156,3.52,yes
5157,4.18,yes
5158,2.74,yes
5159,3.74,yes
5160,3.75,yes
5161,3.75,yes
5162,3.84,yes
5163,3.72,yes
5164,3.77,yes
5165,3.80,yes
5166,3.90,yes
5167,3.49,yes
5168,3.97,yes
5169,4.14,yes
5170,3.41,yes
5171,4.08,yes
5172,3.91,yes
5173,4.19,yes
5174,3.80,yes
5175,4.35,yes
5176,3.95,yes
5177,4.03,yes
5178,3.52,yes
5179,3.57,yes
5180,3.97,yes
5181,4.08,yes
5182,3.49,yes
5183,3.60,yes
5184,3.92,yes
5185,3.92,yes
5186,3.54,yes
5187,3.69,yes
5188,3.73,yes
5189,3.72,yes
5190,3.90,yes
5191,3.58,yes
5192,3.44,yes
5193,4.08,yes
5194,3.94,yes
5195,3.76,yes
5196,4.37,yes
5197,3.67,yes
5198,4.52,yes
5199,3.67,yes
5200,4.06,yes
5201,4.22,yes
5202,3.66,yes
5203,3.97,yes
5204,4.13,yes
5205,3.77,yes
5206,4.01,yes
5207,4.02,yes
5208,3.85,yes
5209,4.78,yes
5210,3.74,yes
5211,2.82,yes
5212,3.77,yes
5213,3.94,yes
5214,3.90,yes
5215,4.09,yes
5216,3.57,yes
5217,3.93,yes
5218,4.01,yes
5219,3.59,yes
5220,4.41,yes
5221,4.30,yes
5222,3.71,yes
5223,3.53,yes
5224,3.78,yes
5225,3.54,yes
5226,3.94,yes
5227,3.87,yes
5228,3.95,yes
5229,3.94,yes
5230,3.69,yes
5231,3.76,yes
5232,3.73,yes
5233,3.82,yes
5234,3.86,yes
5235,3.84,yes
5236,3.84,yes
5237,3.45,yes
5238,4.07,yes
5239,3.94,yes
5240,3.97,yes
5241,3.94,yes
5242,4.06,yes
5243,4.07,yes
5244,3.65,yes
5245,4.34,yes
5246,3.95,yes
5247,3.87,yes
5248,3.92,yes
5249,3.87,yes
5250,3.83,yes
5251,3.59,yes
5252,3.83,yes
5253,3.91,yes
5254,3.86,yes
5255,4.35,yes
5256,3.55,yes
5257,3.73,yes
5258,4.15,yes
5259,4.14,yes
5260,3.61,yes
5261,3.68,yes
5262,3.58,yes
5263,3.85,yes
5264,3.58,yes
5265,3.11,yes
5266,3.75,yes
5267,4.04,yes
5268,4.28,yes
5269,3.72,yes
5270,3.69,yes
5271,3.90,yes
5272,3.97,yes
5273,3.63,yes
5274,3.85,yes
5275,4.03,yes
5276,3.52,yes
5277,3.96,yes
5278,3.97,yes
5279,3.90,yes
5280,4.04,yes
5281,3.56,yes
5282,3.64,yes
5283,3.99,yes
5284,3.67,yes
5285,3.88,yes
5286,3.73,yes
5287,4.04,yes
5288,3.90,yes
5289,4.04,yes
5290,3.96,yes
5291,3.45,yes
5292,3.56,yes
5293,3.57,yes
5294,4.24,yes
5295,3.99,yes
5296,3.75,yes
5297,3.54,yes
5298,4.05,yes
5299,4.21,yes
5300,3.81,yes
5301,3.88,yes
5302,3.53,yes
5303,3.93,yes
5304,4.19,yes
5305,4.06,yes
5306,4.16,yes
5307,4.08,yes
5308,4.14,yes
5309,4.45,yes
5310,3.60,yes
5311,4.12,yes
5312,3.80,yes
5313,4.13,yes
5314,3.62,yes
5315,3.51,yes
5316,3.90,yes
5317,3.83,yes
5318,4.14,yes
5319,3.98,yes
5320,4.01,yes
5321,4.62,yes
5322,4.21,yes
5323,4.00,yes
5324,4.36,yes
5325,3.80,yes
5326,3.79,yes
5327,3.93,yes
5328,3.54,yes
5329,4.00,yes
5330,3.55,yes
5331,3.78,yes
5332,4.02,yes
5333,4.23,yes
5334,3.91,yes
5335,3.87,yes
5336,3.94,yes
5337,4.01,yes
5338,3.58,yes
5339,4.00,yes
5340,3.75,yes
5341,3.87,yes
5342,3.74,yes
5343,3.50,yes
5344,3.86,yes
5345,3.46,yes
5346,3.96,yes
5347,3.88,yes
5348,4.64,yes
5349,3.84,yes
5350,4.11,yes
5351,4.10,yes
5352,3.99,yes
5353,4.16,yes
5354,4.19,yes
5355,4.23,yes
5356,4.15,yes
5357,4.12,yes
5358,3.74,yes
5359,3.67,yes
5360,3.38,yes
5361,3.76,yes
5362,3.46,yes
5363,3.93,yes
5364,3.61,yes
5365,3.56,yes
5366,3.99,yes
5367,3.41,yes
5368,3.65,yes
5369,3.68,yes
5370,3.78,yes
5371,3.67,yes
5372,3.92,yes
5373,4.08,yes
5374,3.66,yes
5375,3.74,yes
5376,3.73,yes
5377,4.00,yes
5378,3.47,yes
5379,3.81,yes
5380,3.96,yes
5381,3.65,yes
5382,3.84,yes
5383,3.96,yes
5384,4.11,yes
5385,4.35,yes
5386,3.95,yes
5387,3.95,yes
5388,3.84,yes
5389,3.98,yes
5390,3.98,yes
5391,3.88,yes
5392,3.59,yes
5393,3.44,yes
5394,3.46,yes
5395,3.74,yes
5396,4.16,yes
5397,3.69,yes
5398,3.83,yes
5399,3.51,yes
5400,3.98,yes
5401,3.85,yes
5402,4.15,yes
5403,3.93,yes
5404,4.05,yes
5405,4.18,yes
5406,3.94,yes
5407,3.61,yes
5408,4.06,yes
5409,3.59,yes
5410,3.45,yes
5411,3.69,yes
5412,3.57,yes
5413,3.94,yes
5414,3.89,yes
5415,3.86,yes
5416,3.76,yes
5417,3.91,yes
5418,3.87,yes
5419,3.79,yes
5420,3.42,yes
5421,3.86,yes
5422,3.97,yes
5423,3.52,yes
5424,4.07,yes
5425,4.07,yes
5426,4.03,yes
5427,3.46,yes
5428,4.36,yes
5429,3.50,yes
5430,3.59,yes
5431,3.84,yes
5432,3.79,yes
5433,3.98,yes
5434,3.84,yes
5435,3.79,yes
5436,3.92,yes
5437,3.87,yes
5438,3.94,yes
5439,3.52,yes
5440,3.87,yes
5441,3.86,yes
5442,3.99,yes
5443,3.81,yes
5444,3.74,yes
5445,3.93,yes
5446,4.02,yes
5447,3.52,yes
5448,3.54,yes
5449,3.53,yes
5450,3.65,yes
5451,4.28,yes
5452,3.79,yes
5453,4.00,yes
5454,3.98,yes
5455,3.92,yes
5456,4.02,yes
5457,3.62,yes
5458,3.62,yes
5459,3.61,yes
5460,3.86,yes
5461,4.12,yes
5462,4.49,yes
5463,4.20,yes
5464,3.57,yes
5465,3.56,yes
5466,3.75,yes
5467,3.87,yes
5468,3.99,yes
5469,4.01,yes
5470,4.00,yes
5471,3.53,yes
5472,3.56,yes
5473,3.79,yes
5474,3.60,yes
5475,3.76,yes
5476,3.61,yes
5477,3.55,yes
5478,3.82,yes
5479,3.93,yes
5480,3.59,yes
5481,3.78,yes
5482,3.78,yes
5483,4.06,yes
5484,3.40,yes
5485,3.94,yes
5486,4.43,yes
5487,3.52,yes
5488,3.92,yes
5489,4.40,yes
5490,4.04,yes
5491,3.77,yes
5492,3.88,yes
5493,3.79,yes
5494,3.80,yes
5495,3.53,yes
5496,3.75,yes
5497,3.67,yes
5498,3.83,yes
5499,3.97,yes
5500,3.86,yes
5501,3.82,yes
5502,4.08,yes
5503,3.52,yes
5504,3.77,yes
5505,3.63,yes
5506,3.85,yes
5507,3.61,yes
5508,4.01,yes
5509,4.18,yes
5510,3.46,yes
5511,4.00,yes
5512,3.74,yes
5513,3.74,yes
5514,4.29,yes
5515,3.53,yes
5516,3.50,yes
5517,3.74,yes
5518,3.91,yes
5519,3.39,yes
5520,3.63,yes
5521,3.60,yes
5522,3.89,yes
5523,3.46,yes
5524,4.29,yes
5525,3.75,yes
5526,4.15,yes
5527,3.58,yes
5528,3.82,yes
5529,3.63,yes
5530,3.48,yes
5531,3.94,yes
5532,3.55,yes
5533,3.75,yes
5534,3.92,yes
5535,3.94,yes
5536,4.00,yes
5537,3.56,yes
5538,3.51,yes
5539,3.75,yes
5540,4.09,yes
5541,3.89,yes
5542,3.44,yes
5543,3.71,yes
5544,3.94,yes
5545,3.86,yes
5546,3.71,yes
5547,3.87,yes
5548,3.99,yes
5549,4.01,yes
5550,4.01,yes
5551,3.91,yes
5552,4.12,yes
5553,3.78,yes
5554,3.82,yes
5555,3.61,yes
5556,3.89,yes
5557,3.61,yes
5558,3.89,yes
5559,3.68,yes
5560,3.87,yes
5561,3.53,yes
5562,3.88,yes
5563,3.77,yes
5564,3.43,yes
5565,3.00,yes
5566,4.32,yes
5567,4.06,yes
5568,3.73,yes
5569,3.95,yes
5570,3.40,yes
5571,3.97,yes
5572,4.29,yes
5573,3.86,yes
5574,3.95,yes
5575,3.40,yes
5576,2.98,yes
5577,3.81,yes
5578,3.51,yes
5579,3.90,yes
5580,4.05,yes
5581,3.77,yes
5582,3.56,yes
5583,3.55,yes
5584,3.86,yes
5585,3.43,yes
5586,3.83,yes
5587,4.04,yes
5588,3.71,yes
5589,4.25,yes
5590,3.73,yes
5591,3.92,yes
5592,3.46,yes
5593,3.96,yes
5594,4.11,yes
5595,3.55,yes
5596,3.81,yes
5597,3.31,yes
5598,3.90,yes
5599,3.53,yes
5600,3.55,yes
5601,3.77,yes
5602,3.95,yes
5603,3.19,yes
5604,3.50,yes
5605,3.99,yes
5606,3.95,yes
5607,3.85,yes
5608,3.53,yes
5609,3.29,yes
5610,3.63,yes
5611,3.35,yes
5612,3.91,yes
5613,4.15,yes
5614,3.59,yes
5615,3.85,yes
5616,3.58,yes
5617,3.84,yes
5618,3.69,yes
5619,3.40,yes
5620,4.04,yes
5621,3.72,yes
5622,3.43,yes
5623,3.70,yes
5624,3.64,yes
5625,3.86,yes
5626,3.64,yes
5627,3.63,yes
5628,3.72,yes
5629,3.61,yes
5630,3.73,yes
5631,3.83,yes
5632,3.63,yes
5633,3.83,yes
5634,3.54,yes
5635,3.63,yes
5636,3.79,yes
5637,3.51,yes
5638,4.02,yes
5639,3.64,yes
5640,3.60,yes
5641,3.87,yes
5642,3.72,yes
5643,4.12,yes
5644,3.85,yes
5645,3.72,yes
5646,4.00,yes
5647,3.84,yes
5648,3.78,yes
5649,3.86,yes
5650,3.69,yes
5651,3.97,yes
5652,4.13,yes
5653,3.76,yes
5654,3.70,yes
5655,3.48,yes
5656,3.91,yes
5657,3.80,yes
5658,3.90,yes
5659,3.88,yes
5660,3.75,yes
5661,4.03,yes
5662,4.12,yes
5663,3.93,yes
5664,3.74,yes
5665,4.05,yes
5666,3.90,yes
5667,3.82,yes
5668,4.09,yes
5669,3.60,yes
5670,3.93,yes
5671,3.56,yes
5672,3.57,yes
5673,3.87,yes
5674,3.95,yes
5675,3.91,yes
5676,2.78,yes
5677,4.05,yes
5678,4.02,yes
5679,3.95,yes
5680,3.98,yes
5681,3.96,yes
5682,3.45,yes
5683,3.93,yes
5684,3.71,yes
5685,4.08,yes
5686,4.25,yes
5687,3.63,yes
5688,4.05,yes
5689,3.94,yes
5690,3.98,yes
5691,4.06,yes
5692,3.92,yes
5693,4.48,yes
5694,3.96,yes
5695,3.91,yes
5696,3.46,yes
5697,3.18,yes
5698,3.95,yes
5699,3.37,yes
5700,3.97,yes
5701,3.88,yes
5702,2.77,yes
5703,2.74,yes
5704,2.61,yes
5705,2.67,yes
5706,2.67,yes
5707,2.61,yes
5708,2.68,yes
5709,2.42,yes
5710,2.49,yes
5711,2.66,yes
5712,2.55,yes
5713,2.50,yes
5714,2.74,yes
5715,2.79,yes
5716,2.62,yes
5717,2.69,yes
5718,2.53,yes
5719,3.20,yes
5720,2.61,yes
5721,2.97,yes
5722,2.53,yes
5723,2.62,yes
5724,2.66,yes
5725,2.69,yes
5726,2.69,yes
5727,2.71,yes
5728,2.65,yes
5729,3.02,yes
5730,2.57,yes
5731,2.73,yes
5732,2.76,yes
5733,2.94,yes
5734,2.60,yes
5735,2.45,yes
5736,2.67,yes
5737,2.66,yes
5738,2.68,yes
5739,2.67,yes
5740,2.91,yes
5741,2.64,yes
5742,2.68,yes
5743,2.60,yes
5744,2.62,yes
5745,2.70,yes
5746,2.57,yes
5747,2.49,yes
5748,2.69,yes
5749,2.79,yes
5750,2.46,yes
5751,2.82,yes
5752,2.59,yes
5753,2.92,yes
5754,2.52,yes
5755,2.58,yes
5756,2.73,yes
5757,2.69,yes
5758,2.47,yes
5759,2.53,yes
5760,2.57,yes
5761,2.77,yes
5762,2.68,yes
5763,2.62,yes
5764,2.82,yes
5765,2.43,yes
5766,2.70,yes
5767,2.56,yes
5768,2.72,yes
5769,2.62,yes
5770,2.53,yes
5771,2.55,yes
5772,2.73,yes
5773,2.49,yes
5774,2.68,yes
5775,2.81,yes
5776,2.60,yes
5777,2.66,yes
5778,2.81,yes
5779,2.53,yes
5780,2.52,yes
5781,2.56,yes
5782,2.55,yes
5783,2.65,yes
5784,2.47,yes
5785,2.62,yes
5786,2.54,yes
5787,2.36,yes
5788,2.61,yes
5789,2.55,yes
5790,2.82,yes
5791,2.63,yes
5792,2.63,yes
5793,2.62,yes
5794,2.70,yes
5795,2.63,yes
5796,2.72,yes
5797,2.56,yes
5798,2.82,yes
5799,2.65,yes
5800,2.78,yes
5801,2.39,yes
5802,2.70,yes
5803,2.46,yes
5804,2.61,yes
5805,2.76,yes
5806,2.56,yes
5807,2.64,yes
5808,2.68,yes
5809,2.61,yes
5810,2.55,yes
5811,2.52,yes
5812,2.61,yes
5813,2.73,yes
5814,2.63,yes
5815,2.51,yes
5816,2.51,yes
5817,2.44,yes
5818,2.54,yes
5819,2.53,yes
5820,3.03,yes
5821,2.84,yes
5822,2.68,yes
5823,2.48,yes
5824,2.72,yes
5825,3.53,yes
5826,2.35,yes
5827,2.58,yes
5828,2.64,yes
5829,2.51,yes
5830,2.59,yes
5831,2.64,yes
5832,2.54,yes
5833,2.71,yes
5834,2.73,yes
5835,2.54,yes
5836,2.70,yes
5837,2.65,yes
5838,2.59,yes
5839,2.88,yes
5840,2.55,yes
5841,2.62,yes
5842,2.44,yes
5843,2.52,yes
5844,2.72,yes
5845,2.68,yes
5846,2.50,yes
5847,1.97,yes
5848,2.63,yes
5849,2.81,yes
5850,2.42,yes
5851,2.88,yes
5852,2.73,yes
5853,2.74,yes
5854,2.61,yes
5855,2.39,yes
5856,2.56,yes
5857,2.58,yes
5858,2.83,yes
5859,2.50,yes
5860,2.52,yes
5861,2.65,yes
5862,2.77,yes
5863,2.61,yes
5864,2.48,yes
5865,2.59,yes
5866,2.58,yes
5867,2.67,yes
5868,3.05,yes
5869,2.49,yes
5870,2.54,yes
5871,2.64,yes
5872,2.56,yes
5873,3.62,yes
5874,2.53,yes
5875,2.63,yes
5876,2.68,yes
5877,2.43,yes
5878,2.84,yes
5879,2.54,yes
5880,2.57,yes
5881,2.56,yes
5882,2.49,yes
5883,2.43,yes
5884,2.25,yes
5885,2.54,yes
5886,2.67,yes
5887,2.76,yes
5888,2.64,yes
5889,2.68,yes
5890,2.65,yes
5891,2.31,yes
5892,2.78,yes
5893,2.69,yes
5894,2.62,yes
5895,2.54,yes
5896,2.57,yes
5897,2.57,yes
5898,2.80,yes
5899,2.77,yes
5900,2.62,yes
5901,2.73,yes
5902,2.66,yes
5903,2.50,yes
5904,2.73,yes
5905,2.59,yes
5906,2.55,yes
5907,2.69,yes
5908,2.60,yes
5909,2.46,yes
5910,2.25,yes
5911,2.98,yes
5912,2.57,yes
5913,2.56,yes
5914,2.89,yes
5915,2.88,yes
5916,2.19,yes
5917,2.75,yes
5918,2.69,yes
5919,2.68,yes
5920,2.63,yes
5921,3.91,yes
5922,2.36,yes
5923,2.54,yes
5924,2.57,yes
5925,2.70,yes
5926,2.73,yes
5927,2.64,yes
5928,2.57,yes
5929,2.65,yes
5930,2.70,yes
5931,2.81,yes
5932,2.73,yes
