index,latency_ms
1,3.700000
2,4.610000
3,4.650000
4,4.620000
5,5.030000
6,4.610000
7,4.630000
8,4.710000
9,4.670000
10,4.620000
11,4.740000
12,4.630000
13,4.590000
14,5.150000
15,4.580000
16,5.020000
17,4.680000
18,4.830000
19,4.530000
20,4.670000
21,4.760000
22,4.440000
23,4.590000
24,4.960000
25,4.600000
26,4.600000
27,5.390000
28,4.680000
29,4.890000
30,4.590000
31,4.690000
32,4.720000
33,4.900000
34,4.820000
35,4.640000
36,4.670000
37,4.680000
38,4.660000
39,4.530000
40,4.520000
41,4.740000
42,4.580000
43,4.510000
44,4.550000
45,4.520000
46,4.740000
47,4.540000
48,4.440000
49,4.580000
50,4.640000
51,4.530000
52,4.450000
53,4.640000
54,4.550000
55,4.390000
56,4.570000
57,4.540000
58,4.640000
59,6.030000
60,4.750000
61,4.780000
62,4.590000
63,4.680000
64,4.910000
65,4.790000
66,4.630000
67,4.560000
68,4.560000
69,4.940000
70,4.560000
71,4.640000
72,4.610000
73,5.000000
74,5.040000
75,4.760000
76,4.910000
77,4.590000
78,4.570000
79,4.760000
80,4.480000
81,4.950000
82,4.680000
83,4.660000
84,4.610000
85,4.540000
86,4.590000
87,5.450000
88,4.670000
89,4.640000
90,4.600000
91,4.800000
92,4.710000
93,4.590000
94,4.610000
95,4.660000
96,4.510000
97,4.660000
98,4.570000
99,4.430000
100,5.480000
101,4.550000
102,4.710000
103,4.560000
104,4.690000
105,4.540000
106,4.650000
107,5.030000
108,4.890000
109,4.640000
110,4.580000
111,4.510000
112,4.640000
113,4.570000
114,5.590000
115,4.680000
116,4.630000
117,4.580000
118,4.650000
119,4.960000
120,4.510000
121,4.570000
122,4.530000
123,5.340000
124,4.670000
125,4.610000
126,4.620000
127,4.570000
128,5.910000
129,4.480000
130,4.560000
131,4.670000
132,4.780000
133,4.690000
134,4.750000
135,4.730000
136,4.610000
137,4.960000
138,4.700000
139,4.620000
140,4.630000
141,4.580000
142,4.370000
143,4.880000
144,4.610000
145,4.610000
146,5.370000
147,4.640000
148,4.610000
149,4.610000
150,4.750000
151,5.360000
152,4.540000
153,4.640000
154,4.620000
155,4.670000
156,4.160000
157,4.620000
158,4.720000
159,4.640000
160,4.910000
161,4.740000
162,4.690000
163,4.840000
164,4.630000
165,4.730000
166,4.950000
167,4.660000
168,4.720000
169,4.730000
170,5.010000
171,4.800000
172,4.780000
173,4.740000
174,4.790000
175,5.080000
176,4.670000
177,4.790000
178,4.850000
179,4.670000
180,4.780000
181,4.670000
182,4.600000
183,5.730000
184,4.710000
185,4.520000
186,4.470000
187,4.830000
188,4.640000
189,4.630000
190,3.830000
191,3.150000
192,4.900000
193,5.040000
194,5.000000
195,4.620000
196,4.530000
197,4.440000
198,4.520000
199,4.630000
200,4.650000
201,4.690000
202,4.550000
203,4.650000
204,4.550000
205,4.670000
206,4.640000
207,7.460000
208,4.630000
209,5.130000
210,4.650000
211,4.810000
212,4.520000
213,5.150000
214,4.620000
215,4.640000
216,4.640000
217,4.480000
218,4.670000
219,4.690000
220,4.830000
221,4.510000
222,4.550000
223,5.050000
224,4.540000
225,4.890000
226,4.730000
227,4.540000
228,4.580000
229,4.590000
230,4.650000
231,4.470000
232,5.270000
233,4.570000
234,5.290000
235,4.550000
236,4.800000
237,4.610000
238,4.590000
239,4.640000
240,4.870000
241,4.630000
242,4.760000
243,4.580000
244,4.610000
245,4.650000
246,4.930000
247,4.790000
248,5.220000
249,4.550000
250,4.570000
251,4.610000
252,4.150000
253,4.670000
254,6.160000
255,4.920000
256,4.510000
257,5.230000
258,4.560000
259,5.030000
260,4.730000
261,4.720000
262,4.720000
263,4.690000
264,4.810000
265,4.690000
266,4.600000
267,4.900000
268,4.650000
269,4.360000
270,4.650000
271,4.730000
272,4.640000
273,4.530000
274,4.500000
275,5.050000
276,4.560000
277,4.680000
278,4.620000
279,4.870000
280,4.590000
281,4.650000
282,4.550000
283,4.930000
284,4.600000
285,4.510000
286,4.650000
287,4.680000
288,4.550000
289,4.680000
290,4.540000
291,4.650000
292,4.660000
293,5.210000
294,4.660000
295,5.230000
296,4.700000
297,4.610000
298,4.630000
299,4.700000
300,5.000000
301,4.450000
302,4.570000
303,5.030000
304,4.660000
305,4.940000
306,4.570000
307,4.450000
308,5.010000
309,4.580000
310,4.660000
311,4.600000
312,4.530000
313,4.770000
314,8.700000
315,4.630000
316,5.360000
317,4.620000
318,6.200000
319,4.620000
320,4.540000
321,4.680000
322,4.630000
323,4.570000
324,4.590000
325,4.630000
326,4.840000
327,4.600000
328,4.640000
329,4.540000
330,4.470000
331,4.570000
332,4.550000
333,6.860000
334,4.540000
335,4.540000
336,4.570000
337,4.500000
338,4.800000
339,4.580000
340,4.570000
341,4.590000
342,4.560000
343,5.020000
344,4.620000
345,4.490000
346,4.730000
347,4.600000
348,4.240000
349,4.650000
350,5.170000
351,5.630000
352,4.590000
353,4.590000
354,4.600000
355,4.560000
356,4.500000
357,4.690000
358,4.530000
359,4.550000
360,4.620000
361,4.450000
362,5.680000
363,5.420000
364,4.990000
365,4.740000
366,4.560000
367,4.540000
368,4.570000
369,4.610000
370,4.580000
371,5.150000
372,4.750000
373,4.560000
374,4.450000
375,4.590000
376,4.490000
377,4.680000
378,4.730000
379,4.700000
380,4.660000
381,4.630000
382,4.620000
383,4.570000
384,4.530000
385,5.330000
386,4.590000
387,4.540000
388,4.880000
389,4.600000
390,4.800000
391,4.590000
392,4.580000
393,4.590000
394,4.590000
395,4.890000
396,4.500000
397,4.890000
398,4.660000
399,4.580000
400,4.620000
401,4.530000
402,4.550000
403,5.080000
404,4.830000
405,4.670000
406,5.930000
407,4.770000
408,4.750000
409,4.770000
410,5.260000
411,4.790000
412,5.180000
413,6.620000
414,4.550000
415,4.850000
416,4.830000
417,4.880000
418,4.860000
419,4.600000
420,4.540000
421,4.570000
422,4.660000
423,4.640000
424,4.690000
425,4.730000
426,4.780000
427,4.570000
428,3.210000
429,4.620000
430,4.610000
431,5.170000
432,4.580000
433,4.620000
434,5.740000
435,4.640000
436,4.610000
437,4.520000
438,4.560000
439,4.440000
440,4.930000
441,4.670000
442,4.700000
443,4.630000
444,4.640000
445,5.290000
446,4.600000
447,4.720000
448,4.630000
449,4.640000
450,4.710000
451,4.470000
452,4.520000
453,4.630000
454,4.900000
455,4.980000
456,4.480000
457,4.670000
458,4.630000
459,4.930000
460,4.670000
461,4.890000
462,4.500000
463,4.590000
464,4.710000
465,4.660000
466,4.620000
467,4.660000
468,4.620000
469,5.060000
470,4.660000
471,4.820000
472,4.770000
473,4.740000
474,4.770000
475,4.730000
476,4.740000
477,4.690000
478,4.570000
479,4.860000
480,5.080000
481,5.030000
482,4.710000
483,5.010000
484,4.610000
485,4.500000
486,4.590000
487,4.610000
488,5.010000
489,4.610000
490,4.620000
491,4.500000
492,4.660000
493,4.630000
494,4.690000
495,4.660000
496,4.640000
497,4.650000
498,5.220000
499,4.550000
500,4.620000
501,4.590000
502,4.690000
503,4.570000
504,4.560000
505,4.670000
506,4.560000
507,4.560000
508,5.500000
509,4.680000
510,4.610000
511,4.580000
512,4.650000
513,4.470000
514,5.350000
515,4.560000
516,4.510000
517,4.570000
518,5.680000
519,4.590000
520,5.220000
521,4.470000
522,4.520000
523,4.550000
524,4.460000
525,4.880000
526,4.550000
527,4.670000
528,4.570000
529,4.620000
530,4.580000
531,4.520000
532,4.550000
533,4.510000
534,4.780000
535,5.040000
536,4.510000
537,4.590000
538,4.530000
539,4.640000
540,4.670000
541,5.100000
542,4.440000
543,4.760000
544,4.490000
545,4.860000
546,4.550000
547,4.490000
548,4.560000
549,4.500000
550,4.650000
551,4.570000
552,4.680000
553,5.020000
554,4.620000
555,4.550000
556,4.510000
557,5.530000
558,5.510000
559,4.670000
560,4.650000
561,4.650000
562,4.670000
563,4.640000
564,4.480000
565,4.650000
566,4.570000
567,4.540000
568,4.420000
569,4.550000
570,4.720000
571,4.570000
572,4.660000
573,4.520000
574,4.410000
575,4.470000
576,4.470000
577,4.470000
578,4.580000
579,5.100000
580,4.740000
581,4.640000
582,4.520000
583,4.720000
584,4.640000
585,4.660000
586,4.710000
587,4.710000
588,4.660000
589,4.530000
590,4.620000
591,4.670000
592,4.550000
593,4.700000
594,4.570000
595,4.690000
596,4.580000
597,4.660000
598,5.270000
599,4.520000
600,4.570000
601,4.630000
602,4.580000
603,5.080000
604,4.600000
605,4.570000
606,4.510000
607,4.600000
608,4.550000
609,5.080000
610,5.380000
611,5.270000
612,4.570000
613,4.670000
614,4.640000
615,4.580000
616,4.850000
617,4.840000
618,5.670000
619,4.630000
620,4.550000
621,4.720000
622,4.600000
623,4.950000
624,5.980000
625,4.680000
626,4.540000
627,4.550000
628,4.650000
629,4.880000
630,4.900000
631,5.530000
632,4.610000
633,4.670000
634,4.560000
635,5.460000
636,4.700000
637,4.540000
638,5.220000
639,4.620000
640,4.580000
641,4.990000
642,4.540000
643,4.810000
644,5.700000
645,4.570000
646,4.470000
647,4.640000
648,4.820000
649,4.890000
650,4.440000
651,4.590000
652,4.800000
653,4.820000
654,4.530000
655,4.930000
656,4.600000
657,4.450000
658,5.050000
659,4.540000
660,4.560000
661,4.660000
662,4.510000
663,4.540000
664,4.590000
665,5.300000
666,4.630000
667,4.550000
668,4.650000
669,4.520000
670,4.660000
671,3.930000
672,4.540000
673,4.450000
674,4.590000
675,4.590000
676,4.590000
677,4.520000
678,4.550000
679,4.610000
680,4.730000
681,4.940000
682,4.420000
683,4.620000
684,4.530000
685,4.480000
686,4.510000
687,4.610000
688,4.570000
689,4.860000
690,4.890000
691,5.110000
692,4.430000
693,4.560000
694,4.600000
695,4.640000
696,4.490000
697,4.560000
698,4.630000
699,4.560000
700,4.440000
701,4.820000
702,4.520000
703,4.640000
704,4.590000
705,4.550000
706,4.540000
707,4.620000
708,4.960000
709,5.020000
710,4.620000
711,4.800000
712,5.200000
713,4.630000
714,4.570000
715,4.510000
716,4.820000
717,4.500000
718,4.610000
719,4.630000
720,4.650000
721,4.550000
722,4.590000
723,4.710000
724,4.690000
725,4.710000
726,4.620000
727,5.260000
728,4.820000
729,4.580000
730,4.640000
731,4.640000
732,4.750000
733,4.580000
734,4.470000
735,4.530000
736,4.560000
737,4.560000
738,4.510000
739,4.560000
740,5.490000
741,4.610000
742,4.560000
743,4.590000
744,4.550000
745,4.550000
746,4.460000
747,4.680000
748,5.250000
749,4.540000
750,4.500000
751,4.490000
752,4.760000
753,4.580000
754,4.750000
755,5.110000
756,4.720000
757,4.920000
758,4.550000
759,4.490000
760,4.660000
761,4.520000
762,4.550000
763,4.610000
764,4.420000
765,4.580000
766,4.490000
767,4.780000
768,4.530000
769,4.620000
770,4.590000
771,4.550000
772,4.930000
773,4.510000
774,4.450000
775,4.990000
776,4.530000
777,4.750000
778,4.640000
779,4.580000
780,4.550000
781,5.260000
782,4.650000
783,4.510000
784,3.110000
785,4.590000
786,4.710000
787,4.740000
788,4.910000
789,4.560000
790,4.610000
791,4.450000
792,4.610000
793,4.550000
794,4.590000
795,4.610000
796,4.560000
797,3.440000
798,4.580000
799,4.680000
800,4.680000
801,4.960000
802,4.590000
803,4.560000
804,5.180000
805,4.550000
806,4.620000
807,4.580000
808,4.820000
809,4.470000
810,4.660000
811,4.500000
812,4.710000
813,4.720000
814,4.650000
815,5.250000
816,4.550000
817,4.600000
818,4.700000
819,4.550000
820,4.440000
821,4.680000
822,4.590000
823,4.740000
824,4.700000
825,4.570000
826,4.530000
827,4.590000
828,4.890000
829,4.540000
830,4.790000
831,4.540000
832,4.520000
833,4.720000
834,4.410000
835,4.240000
836,4.690000
837,4.590000
838,4.820000
839,4.890000
840,4.960000
841,4.590000
842,4.560000
843,4.600000
844,5.850000
845,4.590000
846,4.620000
847,4.620000
848,4.760000
849,4.850000
850,4.560000
851,5.480000
852,4.570000
853,4.490000
854,4.520000
855,4.470000
856,4.540000
857,4.570000
858,4.520000
859,4.500000
860,5.240000
861,4.380000
862,5.530000
863,4.610000
864,4.580000
865,4.920000
866,4.720000
867,4.560000
868,4.580000
869,4.530000
870,4.550000
871,4.640000
872,7.240000
873,4.770000
874,4.510000
875,4.460000
876,4.530000
877,4.560000
878,4.480000
879,4.520000
880,4.620000
881,6.130000
882,4.490000
883,5.230000
884,4.500000
885,4.480000
886,4.630000
887,4.980000
888,4.540000
889,4.500000
890,4.560000
891,5.700000
892,4.520000
893,4.600000
894,3.900000
895,4.530000
896,4.570000
897,4.600000
898,4.270000
899,4.490000
900,4.540000
901,5.590000
902,4.500000
903,4.410000
904,4.400000
905,3.130000
906,4.630000
907,4.960000
908,4.910000
909,4.690000
910,4.570000
911,4.500000
912,4.630000
913,4.750000
914,6.540000
915,4.650000
916,4.620000
917,5.760000
918,4.550000
919,4.590000
920,4.690000
921,4.680000
922,4.550000
923,4.600000
924,4.560000
925,4.920000
926,4.590000
927,4.510000
928,4.620000
929,4.590000
930,4.770000
931,4.550000
932,4.610000
933,4.620000
934,4.720000
935,4.600000
936,4.540000
937,4.570000
938,4.640000
939,4.610000
940,4.590000
941,4.520000
942,4.590000
943,4.650000
944,4.840000
945,4.590000
946,4.880000
947,4.630000
948,4.650000
949,4.920000
950,4.630000
951,4.570000
952,5.160000
953,4.600000
954,4.580000
955,4.860000
956,4.560000
957,4.850000
958,4.710000
959,4.600000
960,4.680000
961,4.590000
962,5.000000
963,4.570000
964,4.650000
965,4.500000
966,4.620000
967,4.540000
968,4.560000
969,4.550000
970,4.880000
971,4.610000
972,4.560000
973,4.590000
974,5.010000
975,4.540000
976,4.580000
977,4.680000
978,4.950000
979,4.460000
980,4.600000
981,4.540000
982,4.800000
983,4.510000
984,4.870000
985,4.830000
986,4.960000
987,4.560000
988,4.610000
989,4.590000
990,4.630000
991,5.730000
992,4.950000
993,4.460000
994,4.910000
995,4.610000
996,4.540000
997,4.830000
998,4.580000
999,4.510000
1000,4.610000
1001,4.890000
1002,4.820000
1003,4.540000
1004,4.690000
1005,4.630000
1006,4.620000
1007,4.820000
1008,5.620000
1009,4.820000
1010,4.820000
1011,4.560000
1012,4.590000
1013,4.610000
1014,4.450000
1015,4.620000
1016,4.650000
1017,4.630000
1018,4.520000
1019,4.580000
1020,4.540000
1021,6.220000
1022,4.580000
1023,4.470000
1024,4.540000
1025,5.160000
1026,4.660000
1027,5.290000
1028,4.540000
1029,4.520000
1030,4.530000
1031,4.550000
1032,5.110000
1033,4.520000
1034,4.630000
1035,4.660000
1036,4.580000
1037,4.470000
1038,4.550000
1039,4.500000
1040,4.570000
1041,4.630000
1042,4.580000
1043,4.840000
1044,4.660000
1045,4.450000
1046,4.460000
1047,4.480000
1048,5.270000
1049,4.560000
1050,4.420000
1051,4.470000
1052,4.480000
1053,5.010000
1054,4.580000
1055,4.560000
1056,4.430000
1057,4.510000
1058,4.930000
1059,4.440000
1060,4.450000
1061,4.470000
1062,4.440000
1063,4.460000
1064,4.440000
1065,4.570000
1066,4.520000
1067,4.510000
1068,4.440000
1069,4.420000
1070,4.490000
1071,4.530000
1072,4.570000
1073,4.500000
1074,3.260000
1075,4.710000
1076,4.470000
1077,4.450000
1078,4.650000
1079,4.480000
1080,5.410000
1081,4.500000
1082,4.640000
1083,4.560000
1084,4.700000
1085,4.450000
1086,4.610000
1087,4.500000
1088,4.630000
1089,4.380000
1090,4.480000
1091,4.440000
1092,4.550000
1093,4.890000
1094,5.320000
1095,4.960000
1096,4.550000
1097,4.520000
1098,4.520000
1099,4.730000
1100,4.600000
1101,4.360000
1102,4.570000
1103,4.690000
1104,4.800000
1105,4.740000
1106,5.020000
1107,4.720000
1108,4.630000
1109,4.500000
1110,4.460000
1111,4.600000
1112,4.440000
1113,5.130000
1114,4.830000
1115,4.560000
1116,4.490000
1117,4.490000
1118,5.040000
1119,4.530000
1120,4.560000
1121,4.570000
1122,4.640000
1123,4.500000
1124,4.770000
1125,4.500000
1126,4.560000
1127,4.470000
1128,4.480000
1129,4.460000
1130,4.510000
1131,4.480000
1132,4.980000
1133,4.880000
1134,4.740000
1135,4.440000
1136,4.590000
1137,4.430000
1138,4.600000
1139,4.470000
1140,4.620000
1141,4.470000
1142,2.990000
1143,4.370000
1144,4.080000
1145,4.530000
1146,4.570000
1147,4.710000
1148,4.470000
1149,4.550000
1150,4.460000
1151,4.840000
1152,4.570000
1153,4.520000
1154,4.740000
1155,4.540000
1156,4.490000
1157,4.470000
1158,4.480000
1159,4.570000
1160,4.650000
1161,5.160000
1162,4.610000
1163,4.460000
1164,4.780000
1165,4.500000
1166,4.680000
1167,4.400000
1168,4.460000
1169,4.520000
1170,4.460000
1171,4.540000
1172,4.570000
1173,4.470000
1174,4.480000
1175,4.570000
1176,4.670000
1177,4.540000
1178,4.480000
1179,4.490000
1180,4.490000
1181,4.590000
1182,4.560000
1183,4.600000
1184,4.590000
1185,4.400000
1186,5.110000
1187,4.340000
1188,4.570000
1189,4.450000
1190,4.440000
1191,4.620000
1192,4.450000
1193,4.470000
1194,4.470000
1195,4.410000
1196,4.540000
1197,5.310000
1198,4.810000
1199,4.540000
1200,4.310000
1201,4.520000
1202,4.510000
1203,4.570000
1204,4.960000
1205,4.420000
1206,4.500000
1207,4.510000
1208,4.480000
1209,4.520000
1210,4.590000
1211,4.430000
1212,4.470000
1213,4.390000
1214,4.400000
1215,4.450000
1216,4.630000
1217,4.590000
1218,4.500000
1219,4.900000
1220,4.890000
1221,4.390000
1222,4.500000
1223,4.510000
1224,4.760000
1225,4.870000
1226,4.580000
1227,5.260000
1228,4.540000
1229,4.470000
1230,4.620000
1231,4.520000
1232,4.510000
1233,4.490000
1234,4.490000
1235,4.520000
1236,5.210000
1237,4.750000
1238,4.570000
1239,4.490000
1240,4.610000
1241,4.600000
1242,4.490000
1243,4.480000
1244,4.710000
1245,4.560000
1246,4.560000
1247,4.450000
1248,4.400000
1249,4.510000
1250,4.500000
1251,4.500000
1252,4.510000
1253,4.540000
1254,4.440000
1255,4.820000
1256,4.530000
1257,4.620000
1258,4.800000
1259,4.560000
1260,4.460000
1261,4.510000
1262,4.520000
1263,4.450000
1264,4.820000
1265,5.260000
1266,4.500000
1267,5.350000
1268,4.540000
1269,5.430000
1270,4.590000
1271,4.500000
1272,4.680000
1273,4.030000
1274,4.620000
1275,4.510000
1276,4.540000
1277,4.440000
1278,4.820000
1279,4.670000
1280,4.850000
1281,4.950000
1282,4.860000
1283,4.420000
1284,4.570000
1285,4.830000
1286,4.440000
1287,4.430000
1288,4.480000
1289,4.410000
1290,4.580000
1291,4.540000
1292,4.410000
1293,4.480000
1294,4.890000
1295,4.660000
1296,4.500000
1297,4.530000
1298,4.450000
1299,4.550000
1300,4.480000
1301,4.370000
1302,4.590000
1303,4.740000
1304,4.380000
1305,4.510000
1306,4.760000
1307,4.560000
1308,4.900000
1309,4.500000
1310,4.570000
1311,4.550000
1312,4.600000
1313,5.130000
1314,4.560000
1315,4.570000
1316,4.750000
1317,4.900000
1318,4.590000
1319,4.610000
1320,4.600000
1321,4.630000
1322,4.620000
1323,4.570000
1324,4.550000
1325,4.740000
1326,4.780000
1327,4.440000
1328,4.520000
1329,5.340000
1330,4.690000
1331,4.420000
1332,4.600000
1333,4.500000
1334,4.810000
1335,4.470000
1336,4.560000
1337,4.380000
1338,4.530000
1339,4.700000
1340,4.530000
1341,4.630000
1342,4.590000
1343,4.570000
1344,4.510000
1345,4.460000
1346,5.060000
1347,4.670000
1348,4.550000
1349,4.550000
1350,5.280000
1351,4.470000
1352,4.500000
1353,4.710000
1354,4.500000
1355,4.500000
1356,5.090000
1357,4.480000
1358,4.520000
1359,4.460000
1360,4.520000
1361,4.440000
1362,4.150000
1363,4.470000
1364,4.520000
1365,4.630000
1366,4.430000
1367,4.530000
1368,4.450000
1369,4.860000
1370,4.670000
1371,4.460000
1372,4.480000
1373,4.410000
1374,4.630000
1375,4.520000
1376,4.410000
1377,4.070000
1378,5.180000
1379,4.630000
1380,4.530000
1381,4.480000
1382,4.500000
1383,5.210000
1384,4.530000
1385,4.490000
1386,4.500000
1387,4.440000
1388,4.980000
1389,5.090000
1390,4.810000
1391,4.510000
1392,4.570000
1393,5.890000
1394,4.400000
1395,4.690000
1396,4.420000
1397,4.460000
1398,4.690000
1399,4.560000
1400,4.540000
1401,4.610000
1402,4.590000
1403,4.540000
1404,4.510000
1405,4.850000
1406,4.750000
1407,4.760000
1408,4.830000
1409,4.420000
1410,4.580000
1411,4.430000
1412,4.520000
1413,4.440000
1414,4.620000
1415,5.720000
1416,4.630000
1417,4.500000
1418,4.930000
1419,5.560000
1420,4.540000
1421,4.500000
1422,4.510000
1423,4.820000
1424,4.530000
1425,4.520000
1426,4.840000
1427,4.800000
1428,5.220000
1429,4.790000
1430,4.570000
1431,4.770000
1432,4.670000
1433,4.580000
1434,3.860000
1435,4.500000
1436,4.900000
1437,4.640000
1438,4.480000
1439,4.310000
1440,4.540000
1441,4.650000
1442,4.510000
1443,4.540000
1444,4.520000
1445,4.610000
1446,4.580000
1447,4.980000
1448,4.420000
1449,4.430000
1450,5.860000
1451,4.400000
1452,4.390000
1453,5.610000
1454,4.490000
1455,4.570000
1456,4.390000
1457,4.490000
1458,4.510000
1459,4.470000
1460,4.440000
1461,4.400000
1462,4.360000
1463,4.560000
1464,4.600000
1465,4.590000
1466,4.580000
1467,4.520000
1468,4.520000
1469,4.480000
1470,4.760000
1471,4.500000
1472,4.660000
1473,4.590000
1474,4.760000
1475,5.220000
1476,4.480000
1477,5.280000
1478,4.580000
1479,4.790000
1480,4.490000
1481,4.500000
1482,4.470000
1483,4.640000
1484,5.050000
1485,4.450000
1486,4.480000
1487,4.550000
1488,4.530000
1489,4.480000
1490,4.500000
1491,4.750000
1492,4.380000
1493,4.710000
1494,4.580000
1495,4.610000
1496,4.570000
1497,4.580000
1498,4.540000
1499,4.510000
1500,4.620000
1501,4.720000
1502,4.560000
1503,4.490000
1504,4.480000
1505,4.490000
1506,4.790000
1507,4.500000
1508,4.380000
1509,4.460000
1510,4.480000
1511,4.760000
1512,4.430000
1513,4.650000
1514,4.820000
1515,4.420000
1516,5.140000
1517,4.400000
1518,5.270000
1519,4.900000
1520,4.440000
1521,4.610000
1522,4.390000
1523,5.120000
1524,4.460000
1525,4.420000
1526,4.730000
1527,4.520000
1528,4.790000
1529,4.450000
1530,4.450000
1531,4.450000
1532,4.830000
1533,4.670000
1534,5.410000
1535,4.470000
1536,4.380000
1537,4.430000
1538,4.440000
1539,4.510000
1540,5.170000
1541,4.510000
1542,4.770000
1543,3.370000
1544,4.470000
1545,4.490000
1546,4.520000
1547,4.410000
1548,4.470000
1549,4.860000
1550,4.350000
1551,4.400000
1552,4.400000
1553,4.480000
1554,4.730000
1555,4.630000
1556,4.480000
1557,4.470000
1558,4.850000
1559,4.570000
1560,4.470000
1561,4.510000
1562,4.460000
1563,4.480000
1564,4.750000
1565,4.600000
1566,4.840000
1567,4.570000
1568,4.560000
1569,4.700000
1570,4.460000
1571,4.700000
1572,3.770000
1573,4.500000
1574,4.520000
1575,4.470000
1576,4.380000
1577,4.810000
1578,4.500000
1579,4.610000
1580,4.450000
1581,4.410000
1582,3.520000
1583,4.360000
1584,5.150000
1585,5.300000
1586,4.420000
1587,4.600000
1588,4.400000
1589,4.490000
1590,4.430000
1591,4.690000
1592,4.470000
1593,4.450000
1594,4.470000
1595,4.580000
1596,4.710000
1597,4.440000
1598,5.120000
1599,4.530000
1600,4.440000
1601,4.440000
1602,4.380000
1603,4.740000
1604,4.660000
1605,4.680000
1606,4.590000
1607,4.570000
1608,5.240000
1609,5.410000
1610,4.560000
1611,4.390000
1612,4.580000
1613,4.820000
1614,4.440000
1615,5.800000
1616,4.470000
1617,4.520000
1618,4.500000
1619,5.670000
1620,4.450000
1621,4.610000
1622,4.560000
1623,5.300000
1624,4.490000
1625,4.800000
1626,4.500000
1627,4.490000
1628,4.880000
1629,4.480000
1630,4.440000
1631,4.810000
1632,5.210000
1633,4.560000
1634,4.720000
1635,4.660000
1636,4.620000
1637,4.460000
1638,4.480000
1639,4.840000
1640,4.520000
1641,4.580000
1642,4.560000
1643,4.590000
1644,4.970000
1645,4.530000
1646,4.530000
1647,4.840000
1648,4.520000
1649,4.510000
1650,4.670000
1651,4.560000
1652,4.550000
1653,4.460000
1654,4.500000
1655,4.550000
1656,4.440000
1657,4.740000
1658,4.560000
1659,4.480000
1660,4.360000
1661,4.450000
1662,4.520000
1663,4.510000
1664,4.580000
1665,4.450000
1666,4.760000
1667,4.600000
1668,4.600000
1669,4.560000
1670,5.390000
1671,4.510000
1672,4.530000
1673,5.020000
1674,4.450000
1675,4.430000
1676,4.450000
1677,4.430000
1678,4.500000
1679,4.570000
1680,4.730000
1681,4.570000
1682,4.840000
1683,4.510000
1684,4.610000
1685,4.530000
1686,4.590000
1687,4.540000
1688,4.810000
1689,4.450000
1690,4.980000
1691,4.560000
1692,4.520000
1693,4.520000
1694,4.540000
1695,4.480000
1696,4.400000
1697,4.790000
1698,4.750000
1699,4.480000
1700,4.600000
1701,4.410000
1702,4.440000
1703,4.630000
1704,4.350000
1705,4.950000
1706,4.780000
1707,4.510000
1708,4.690000
1709,4.470000
1710,4.460000
1711,4.450000
1712,4.530000
1713,4.440000
1714,4.440000
1715,4.410000
1716,4.730000
1717,4.420000
1718,4.420000
1719,4.510000
1720,4.840000
1721,5.520000
1722,5.750000
1723,4.620000
1724,4.810000
1725,4.710000
1726,4.810000
1727,5.170000
1728,4.520000
1729,4.440000
1730,5.360000
1731,4.810000
1732,4.560000
1733,4.690000
1734,4.400000
1735,4.600000
1736,4.510000
1737,4.480000
1738,4.480000
1739,4.520000
1740,4.480000
1741,4.550000
1742,4.500000
1743,4.540000
1744,4.610000
1745,4.550000
1746,4.470000
1747,4.640000
1748,4.790000
1749,4.550000
1750,4.780000
1751,4.550000
1752,4.430000
1753,5.040000
1754,4.600000
1755,4.720000
1756,4.730000
1757,4.910000
1758,4.540000
1759,4.430000
1760,4.680000
1761,4.830000
1762,4.540000
1763,4.420000
1764,4.300000
1765,4.490000
1766,4.450000
1767,4.420000
1768,4.550000
1769,4.540000
1770,4.560000
1771,4.500000
1772,4.490000
1773,4.880000
1774,4.500000
1775,4.490000
1776,4.550000
1777,4.430000
1778,4.950000
1779,5.180000
1780,4.340000
1781,4.840000
1782,4.750000
1783,4.910000
1784,4.630000
1785,4.910000
1786,4.450000
1787,4.600000
1788,5.130000
1789,4.390000
1790,4.410000
1791,4.630000
1792,4.360000
1793,4.550000
1794,4.470000
1795,4.510000
1796,4.470000
1797,4.480000
1798,4.510000
1799,4.460000
1800,4.570000
1801,4.480000
1802,4.550000
1803,4.400000
1804,4.680000
1805,4.620000
1806,4.660000
1807,4.450000
1808,5.120000
1809,4.610000
1810,5.320000
1811,4.530000
1812,4.590000
1813,4.580000
1814,4.710000
1815,4.460000
1816,4.560000
1817,4.490000
1818,4.930000
1819,4.830000
1820,4.890000
1821,4.530000
1822,4.920000
1823,5.610000
1824,4.970000
1825,4.530000
1826,4.790000
1827,4.560000
1828,4.590000
1829,4.530000
1830,4.540000
1831,5.120000
1832,4.550000
1833,4.660000
1834,4.490000
1835,4.500000
1836,4.540000
1837,4.610000
1838,5.230000
1839,4.400000
1840,4.620000
1841,4.580000
1842,4.780000
1843,4.590000
1844,4.440000
1845,4.560000
1846,4.440000
1847,8.070000
1848,4.640000
1849,4.800000
1850,4.490000
1851,4.490000
1852,4.730000
1853,4.550000
1854,4.600000
1855,4.600000
1856,4.610000
1857,4.500000
1858,4.590000
1859,4.530000
1860,4.560000
1861,4.800000
1862,4.440000
1863,5.300000
1864,4.470000
1865,4.520000
1866,4.570000
1867,4.450000
1868,4.500000
1869,4.520000
1870,4.590000
1871,4.680000
1872,4.390000
1873,4.700000
1874,4.490000
1875,5.180000
1876,4.600000
1877,4.960000
1878,4.540000
1879,4.450000
1880,4.530000
1881,4.450000
1882,4.420000
1883,5.160000
1884,4.480000
1885,4.860000
1886,4.870000
1887,4.460000
1888,4.480000
1889,4.560000
1890,4.480000
1891,4.610000
1892,5.270000
1893,4.470000
1894,4.440000
1895,4.840000
1896,4.550000
1897,4.480000
1898,4.510000
1899,5.170000
1900,4.640000
1901,4.690000
1902,4.530000
1903,4.560000
1904,5.360000
1905,4.580000
1906,4.440000
1907,4.560000
1908,5.380000
1909,4.860000
1910,4.480000
1911,4.870000
1912,4.370000
1913,4.480000
1914,4.430000
1915,4.530000
1916,5.480000
1917,4.350000
1918,4.560000
1919,4.440000
1920,4.780000
1921,4.470000
1922,4.490000
1923,4.540000
1924,4.670000
1925,5.850000
1926,4.460000
1927,4.510000
1928,4.520000
1929,4.480000
1930,4.340000
1931,4.390000
1932,4.500000
1933,4.480000
1934,4.420000
1935,4.470000
1936,4.340000
1937,4.390000
1938,4.500000
1939,4.450000
1940,4.450000
1941,4.490000
1942,6.100000
1943,5.470000
1944,4.650000
1945,4.700000
1946,4.590000
1947,4.580000
1948,4.610000
1949,4.730000
1950,5.790000
1951,4.290000
1952,4.560000
1953,5.110000
1954,4.530000
1955,4.790000
1956,4.530000
1957,4.510000
1958,4.560000
1959,4.630000
1960,4.520000
1961,4.450000
1962,4.430000
1963,4.610000
1964,5.110000
1965,4.870000
1966,4.410000
1967,4.770000
1968,5.260000
1969,4.740000
1970,4.530000
1971,4.500000
1972,4.570000
1973,4.480000
1974,4.470000
1975,4.530000
1976,4.700000
1977,4.970000
1978,4.470000
1979,4.420000
1980,4.500000
1981,4.450000
1982,4.580000
1983,4.520000
1984,4.620000
1985,4.500000
1986,4.590000
1987,4.540000
1988,4.830000
1989,4.570000
1990,5.130000
1991,4.640000
1992,4.720000
1993,4.500000
1994,4.620000
1995,5.100000
1996,4.560000
1997,4.530000
1998,4.580000
1999,4.860000
2000,5.040000
2001,4.660000
2002,4.510000
2003,4.650000
2004,4.490000
2005,4.610000
2006,4.560000
2007,4.570000
2008,4.640000
2009,4.590000
2010,4.620000
2011,4.410000
2012,4.510000
2013,4.880000
2014,4.560000
2015,4.470000
2016,4.540000
2017,4.560000
2018,4.950000
2019,4.600000
2020,4.410000
2021,4.530000
2022,4.600000
2023,5.530000
2024,4.950000
2025,4.550000
2026,4.510000
2027,4.580000
2028,4.510000
2029,4.470000
2030,4.460000
2031,4.430000
2032,4.450000
2033,5.870000
2034,4.960000
2035,4.560000
2036,4.660000
2037,4.520000
2038,4.400000
2039,4.540000
2040,4.520000
2041,4.690000
2042,4.490000
2043,4.870000
2044,4.560000
2045,4.540000
2046,4.510000
2047,4.640000
2048,4.650000
2049,4.480000
2050,5.010000
2051,4.510000
2052,4.790000
2053,4.830000
2054,4.350000
2055,4.540000
2056,4.530000
2057,4.710000
2058,4.870000
2059,4.480000
2060,4.800000
2061,4.390000
2062,5.420000
2063,5.230000
2064,4.720000
2065,4.540000
2066,4.450000
2067,4.520000
2068,4.690000
2069,4.700000
2070,4.730000
2071,4.550000
2072,4.490000
2073,5.310000
2074,6.220000
2075,4.700000
2076,4.550000
2077,4.640000
2078,4.500000
2079,4.580000
2080,4.560000
2081,5.190000
2082,4.450000
2083,4.560000
2084,4.830000
2085,4.470000
2086,4.430000
2087,4.560000
2088,4.700000
2089,4.410000
2090,4.510000
2091,4.490000
2092,4.540000
2093,4.690000
2094,3.020000
2095,4.920000
2096,4.620000
2097,4.900000
2098,4.600000
2099,4.360000
2100,4.510000
2101,4.520000
2102,5.320000
2103,4.430000
2104,4.610000
2105,4.450000
2106,5.130000
2107,4.550000
2108,4.570000
2109,4.610000
2110,4.860000
2111,4.560000
2112,4.510000
2113,4.520000
2114,4.470000
2115,4.440000
2116,4.500000
2117,4.800000
2118,4.550000
2119,4.550000
2120,4.470000
2121,4.320000
2122,4.720000
2123,4.420000
2124,4.620000
2125,4.540000
2126,4.520000
2127,4.830000
2128,4.460000
2129,4.530000
2130,4.630000
2131,4.420000
2132,4.470000
2133,4.240000
2134,4.510000
2135,4.520000
2136,4.390000
2137,4.540000
2138,4.360000
2139,5.690000
2140,4.520000
2141,5.040000
2142,4.810000
2143,5.160000
2144,4.520000
2145,4.550000
2146,4.560000
2147,4.550000
2148,4.600000
2149,4.290000
2150,4.460000
2151,5.150000
2152,5.100000
2153,5.640000
2154,4.540000
2155,4.550000
2156,4.910000
2157,5.220000
2158,4.530000
2159,5.130000
2160,4.560000
2161,5.160000
2162,4.470000
2163,4.640000
2164,4.520000
2165,4.480000
2166,4.650000
2167,4.430000
2168,5.220000
2169,4.430000
2170,4.430000
2171,4.770000
2172,4.800000
2173,4.430000
2174,4.530000
2175,4.480000
2176,4.510000
2177,4.600000
2178,4.630000
2179,4.630000
2180,4.740000
2181,4.730000
2182,5.380000
2183,5.280000
2184,4.430000
2185,4.700000
2186,4.500000
2187,4.420000
2188,4.540000
2189,4.430000
2190,4.410000
2191,4.450000
2192,4.510000
2193,4.750000
2194,4.720000
2195,4.850000
2196,4.570000
2197,5.050000
2198,4.600000
2199,4.480000
2200,4.500000
2201,4.670000
2202,4.530000
2203,4.520000
2204,4.510000
2205,4.480000
2206,4.760000
2207,5.190000
2208,4.890000
2209,4.560000
2210,4.530000
2211,4.510000
2212,4.390000
2213,4.410000
2214,4.620000
2215,5.170000
2216,4.450000
2217,4.600000
2218,4.710000
2219,4.620000
2220,4.420000
2221,4.490000
2222,4.750000
2223,4.590000
2224,4.660000
2225,4.560000
2226,4.450000
2227,4.560000
2228,4.870000
2229,4.540000
2230,4.940000
2231,5.320000
2232,4.600000
2233,4.510000
2234,4.780000
2235,4.570000
2236,4.950000
2237,4.720000
2238,4.620000
2239,4.510000
2240,4.640000
2241,4.700000
2242,4.480000
2243,5.280000
2244,5.520000
2245,4.720000
2246,4.380000
2247,4.510000
2248,4.510000
2249,4.730000
2250,4.800000
2251,6.800000
2252,4.510000
2253,4.550000
2254,4.440000
2255,4.460000
2256,4.510000
2257,3.870000
2258,4.420000
2259,4.510000
2260,4.450000
2261,4.450000
2262,4.520000
2263,4.590000
2264,4.550000
2265,4.580000
2266,4.450000
2267,4.540000
2268,4.400000
2269,4.590000
2270,4.490000
2271,4.550000
2272,4.520000
2273,4.390000
2274,4.460000
2275,4.320000
2276,4.510000
2277,4.490000
2278,4.590000
2279,4.400000
2280,4.510000
2281,4.400000
2282,4.580000
2283,4.480000
2284,5.030000
2285,4.590000
2286,4.510000
2287,4.480000
2288,5.380000
2289,4.490000
2290,4.540000
2291,4.640000
2292,4.480000
2293,4.670000
2294,4.490000
2295,4.480000
2296,4.430000
2297,4.460000
2298,4.410000
2299,4.400000
2300,4.450000
2301,4.570000
2302,4.480000
2303,4.600000
2304,5.100000
2305,4.390000
2306,4.380000
2307,4.940000
2308,4.540000
2309,4.490000
2310,4.510000
2311,4.460000
2312,4.500000
2313,4.750000
2314,4.560000
2315,4.450000
2316,5.400000
2317,4.460000
2318,5.240000
2319,4.390000
2320,4.470000
2321,4.550000
2322,4.690000
2323,4.590000
2324,4.320000
2325,4.530000
2326,4.570000
2327,4.580000
2328,4.430000
2329,5.600000
2330,4.550000
2331,4.850000
2332,4.640000
2333,3.760000
2334,4.560000
2335,5.320000
2336,4.510000
2337,4.410000
2338,4.550000
2339,4.350000
2340,4.480000
2341,4.480000
2342,4.430000
2343,2.830000
2344,5.270000
2345,4.480000
2346,4.490000
2347,4.500000
2348,4.440000
2349,4.410000
2350,4.450000
2351,4.450000
2352,4.510000
2353,5.070000
2354,4.460000
2355,4.490000
2356,4.500000
2357,4.320000
2358,5.480000
2359,4.670000
2360,4.800000
2361,4.730000
2362,4.760000
2363,4.590000
2364,4.440000
2365,4.390000
2366,4.640000
2367,4.420000
2368,4.670000
2369,4.520000
2370,4.540000
2371,4.500000
2372,4.700000
2373,4.500000
2374,4.670000
2375,4.440000
2376,4.480000
2377,4.560000
2378,4.620000
2379,4.640000
2380,4.410000
2381,4.500000
2382,4.440000
2383,4.710000
2384,4.870000
2385,4.520000
2386,4.650000
2387,4.480000
2388,4.870000
2389,4.700000
2390,4.440000
2391,4.450000
2392,4.500000
2393,5.700000
2394,4.590000
2395,5.780000
2396,4.510000
2397,5.010000
2398,4.800000
2399,4.770000
2400,4.440000
2401,4.510000
2402,4.840000
2403,4.490000
2404,4.530000
2405,4.520000
2406,4.560000
2407,4.560000
2408,4.460000
2409,4.820000
2410,4.480000
2411,4.490000
2412,4.550000
2413,5.540000
2414,4.500000
2415,4.430000
2416,4.560000
2417,4.450000
2418,4.470000
2419,4.510000
2420,4.480000
2421,4.740000
2422,4.500000
2423,5.190000
2424,4.580000
2425,4.410000
2426,4.750000
2427,4.890000
2428,4.680000
2429,4.490000
2430,4.460000
2431,4.870000
2432,4.520000
2433,5.480000
2434,4.460000
2435,4.540000
2436,4.600000
2437,4.540000
2438,4.730000
2439,4.510000
2440,4.610000
2441,5.260000
2442,4.500000
2443,4.430000
2444,4.550000
2445,5.610000
2446,4.850000
2447,4.460000
2448,4.470000
2449,4.380000
2450,4.480000
2451,4.540000
2452,4.490000
2453,4.490000
2454,5.360000
2455,4.390000
2456,4.820000
2457,5.040000
2458,4.470000
2459,4.600000
2460,4.600000
2461,4.470000
2462,4.680000
2463,4.470000
2464,4.550000
2465,4.290000
2466,4.550000
2467,4.420000
2468,4.560000
2469,4.410000
2470,4.540000
2471,5.170000
2472,4.350000
2473,4.490000
2474,5.550000
2475,4.620000
2476,4.690000
2477,4.490000
2478,4.540000
2479,4.560000
2480,4.790000
2481,4.710000
2482,4.790000
2483,4.560000
2484,4.950000
2485,4.610000
2486,4.530000
2487,4.340000
2488,4.520000
2489,4.750000
2490,4.840000
2491,3.610000
2492,4.490000
2493,4.610000
2494,4.770000
2495,4.520000
2496,4.730000
2497,4.450000
2498,4.650000
2499,4.420000
2500,4.550000
2501,4.610000
2502,4.530000
2503,4.450000
2504,4.460000
2505,4.630000
2506,4.800000
2507,4.460000
2508,4.540000
2509,4.770000
2510,4.530000
2511,4.620000
2512,4.590000
2513,5.180000
2514,5.320000
2515,4.980000
2516,4.790000
2517,5.540000
2518,4.760000
2519,4.570000
2520,4.640000
2521,4.510000
2522,4.570000
2523,4.520000
2524,4.560000
2525,4.900000
2526,4.410000
2527,4.850000
2528,4.430000
2529,4.510000
2530,4.760000
2531,5.060000
2532,4.620000
2533,4.890000
2534,5.130000
2535,4.440000
2536,4.980000
2537,5.360000
2538,5.050000
2539,4.540000
2540,4.480000
2541,4.500000
2542,4.470000
2543,4.510000
2544,4.520000
2545,4.430000
2546,4.620000
2547,4.520000
2548,4.830000
2549,4.560000
2550,4.460000
2551,4.560000
2552,4.530000
2553,5.000000
2554,4.530000
2555,4.570000
2556,5.320000
2557,4.550000
2558,4.570000
2559,4.740000
2560,4.660000
2561,4.760000
2562,4.550000
2563,4.670000
2564,4.580000
2565,4.920000
2566,4.680000
2567,4.540000
2568,4.550000
2569,4.630000
2570,4.570000
2571,5.340000
2572,4.480000
2573,4.830000
2574,4.830000
2575,4.620000
2576,4.570000
2577,4.540000
2578,4.530000
2579,4.510000
2580,4.470000
2581,4.590000
2582,4.500000
2583,4.590000
2584,4.740000
2585,4.570000
2586,4.510000
2587,4.560000
2588,5.130000
2589,4.550000
2590,4.860000
2591,4.520000
2592,4.390000
2593,4.680000
2594,4.450000
2595,4.560000
2596,5.050000
2597,4.350000
2598,4.820000
2599,5.280000
2600,4.510000
2601,4.550000
2602,4.570000
2603,4.490000
2604,5.080000
2605,4.650000
2606,4.620000
2607,4.570000
2608,4.750000
2609,4.600000
2610,4.600000
2611,4.450000
2612,4.670000
2613,4.540000
2614,4.470000
2615,4.590000
2616,4.400000
2617,4.520000
2618,4.500000
2619,4.360000
2620,4.420000
2621,4.770000
2622,4.410000
2623,4.410000
2624,4.710000
2625,4.550000
2626,4.510000
2627,5.230000
2628,5.040000
2629,4.690000
2630,4.540000
2631,4.480000
2632,4.600000
2633,4.570000
2634,4.960000
2635,4.390000
2636,4.460000
2637,4.400000
2638,4.390000
2639,4.270000
2640,4.450000
2641,4.870000
2642,4.690000
2643,4.770000
2644,4.460000
2645,4.840000
2646,4.450000
2647,4.650000
2648,4.440000
2649,4.550000
2650,4.380000
2651,4.410000
2652,4.480000
2653,4.470000
2654,4.470000
2655,4.510000
2656,4.530000
2657,4.470000
2658,4.680000
2659,4.570000
2660,4.550000
2661,4.610000
2662,4.630000
2663,4.450000
2664,4.890000
2665,4.520000
2666,4.700000
2667,4.650000
2668,4.600000
2669,4.700000
2670,4.560000
2671,4.670000
2672,4.500000
2673,4.600000
2674,4.670000
2675,4.550000
2676,4.570000
2677,4.750000
2678,4.560000
2679,4.620000
2680,4.790000
2681,4.520000
2682,4.690000
2683,4.520000
2684,4.500000
2685,4.530000
2686,4.850000
2687,4.840000
2688,4.420000
2689,4.470000
2690,4.940000
2691,4.530000
2692,4.540000
2693,4.470000
2694,4.560000
2695,3.260000
2696,4.770000
2697,4.510000
2698,4.610000
2699,4.500000
2700,4.460000
2701,4.490000
2702,4.520000
2703,4.800000
2704,4.500000
2705,4.830000
2706,4.550000
2707,4.330000
2708,4.590000
2709,4.460000
2710,4.570000
2711,4.950000
2712,4.520000
2713,5.190000
2714,4.470000
2715,4.380000
2716,4.600000
2717,4.510000
2718,4.580000
2719,5.000000
2720,4.520000
2721,4.900000
2722,4.890000
2723,4.460000
2724,4.580000
2725,4.850000
2726,4.670000
2727,4.800000
2728,4.400000
2729,4.510000
2730,4.790000
2731,4.560000
2732,4.500000
2733,4.510000
2734,4.480000
2735,4.980000
2736,5.150000
2737,5.570000
2738,4.500000
2739,4.550000
2740,4.410000
2741,4.450000
2742,4.490000
2743,4.890000
2744,4.540000
2745,4.990000
2746,4.440000
2747,4.540000
2748,4.750000
2749,4.470000
2750,5.770000
2751,4.470000
2752,4.540000
2753,4.460000
2754,4.500000
2755,4.510000
2756,4.520000
2757,4.530000
2758,5.690000
2759,4.540000
2760,4.460000
2761,4.480000
2762,4.440000
2763,4.470000
2764,4.710000
2765,4.480000
2766,5.620000
2767,5.370000
2768,5.050000
2769,4.560000
2770,4.510000
2771,4.570000
2772,4.430000
2773,4.630000
2774,4.840000
2775,4.630000
2776,4.570000
2777,4.500000
2778,4.500000
2779,4.870000
2780,4.500000
2781,4.430000
2782,4.520000
2783,4.560000
2784,4.820000
2785,4.510000
2786,4.520000
2787,4.230000
2788,4.580000
2789,8.680000
2790,4.880000
2791,4.380000
2792,4.800000
2793,5.130000
2794,4.450000
2795,4.620000
2796,4.460000
2797,4.450000
2798,4.830000
2799,4.650000
2800,4.490000
2801,4.430000
2802,4.470000
2803,4.640000
2804,4.550000
2805,4.480000
2806,5.360000
2807,4.500000
2808,4.460000
2809,4.540000
2810,4.590000
2811,4.540000
2812,4.390000
2813,4.630000
2814,4.980000
2815,4.500000
2816,4.840000
2817,4.540000
2818,4.440000
2819,4.640000
2820,3.980000
2821,4.490000
2822,4.590000
2823,4.570000
2824,4.890000
2825,4.820000
2826,3.870000
2827,4.530000
2828,4.510000
2829,4.560000
2830,7.210000
2831,4.530000
2832,4.350000
2833,4.920000
2834,4.520000
2835,4.600000
2836,4.460000
2837,4.450000
2838,4.340000
2839,4.910000
2840,4.460000
2841,4.360000
2842,4.340000
2843,4.370000
2844,4.440000
2845,2.930000
2846,4.380000
2847,4.440000
2848,4.400000
2849,4.500000
2850,4.500000
2851,5.140000
2852,4.410000
2853,4.530000
2854,5.200000
2855,4.420000
2856,4.530000
2857,4.380000
2858,4.390000
2859,4.430000
2860,4.430000
2861,4.400000
2862,4.100000
2863,4.360000
2864,4.790000
2865,4.420000
2866,4.380000
2867,4.340000
2868,4.840000
2869,4.430000
2870,4.710000
2871,4.340000
2872,4.360000
2873,4.290000
2874,4.350000
2875,4.550000
2876,4.430000
2877,4.490000
2878,4.410000
2879,5.780000
2880,4.580000
2881,4.720000
2882,4.560000
2883,4.560000
2884,5.220000
2885,5.240000
2886,4.600000
2887,5.160000
2888,5.370000
2889,4.510000
2890,4.690000
2891,4.530000
2892,4.390000
2893,4.350000
2894,4.580000
2895,4.530000
2896,4.560000
2897,4.500000
2898,5.160000
2899,4.490000
2900,6.530000
2901,4.270000
2902,4.470000
2903,4.780000
2904,4.530000
2905,4.480000
2906,4.370000
2907,4.420000
2908,4.480000
2909,4.470000
2910,4.480000
2911,4.710000
2912,4.400000
2913,4.520000
2914,5.260000
2915,4.590000
2916,5.080000
2917,4.590000
2918,4.630000
2919,4.500000
2920,5.020000
2921,4.520000
2922,4.430000
2923,4.580000
2924,4.590000
2925,4.570000
2926,4.600000
2927,4.490000
2928,4.540000
2929,4.540000
2930,4.670000
2931,4.530000
2932,4.530000
2933,4.600000
2934,4.540000
2935,4.540000
2936,4.560000
2937,4.620000
2938,5.150000
2939,4.460000
2940,4.450000
2941,5.520000
2942,4.520000
2943,4.680000
2944,4.530000
2945,4.500000
2946,4.490000
2947,4.450000
2948,4.400000
2949,4.510000
2950,4.640000
2951,4.880000
2952,4.400000
2953,4.410000
2954,4.570000
2955,4.520000
2956,4.560000
2957,4.510000
2958,4.480000
2959,4.720000
2960,4.340000
2961,4.650000
2962,4.410000
2963,4.860000
2964,4.480000
2965,4.410000
2966,4.460000
2967,5.220000
2968,4.530000
2969,4.430000
2970,5.130000
2971,4.480000
2972,4.510000
2973,4.830000
2974,5.020000
2975,4.610000
2976,4.400000
2977,4.550000
2978,4.030000
2979,4.880000
2980,4.480000
2981,4.800000
2982,4.680000
2983,4.540000
2984,4.420000
2985,5.040000
2986,4.470000
2987,4.520000
2988,4.580000
2989,4.530000
2990,4.390000
2991,4.560000
2992,4.490000
2993,4.820000
2994,4.750000
2995,4.510000
2996,4.500000
2997,4.630000
2998,4.520000
2999,4.390000
3000,4.410000
3001,4.800000
3002,4.850000
3003,4.560000
3004,4.410000
3005,4.260000
3006,4.540000
3007,4.270000
3008,4.840000
3009,4.420000
3010,4.430000
3011,4.500000
3012,4.470000
3013,4.790000
3014,4.460000
3015,5.260000
3016,4.420000
3017,4.420000
3018,4.550000
3019,4.400000
3020,5.670000
3021,4.390000
3022,4.710000
3023,4.500000
3024,4.440000
3025,4.400000
3026,4.330000
3027,5.260000
3028,4.520000
3029,4.630000
3030,5.240000
3031,4.340000
3032,4.640000
3033,4.420000
3034,4.820000
3035,4.930000
3036,4.490000
3037,4.450000
3038,4.420000
3039,4.460000
3040,4.510000
3041,4.420000
3042,4.480000
3043,4.640000
3044,4.370000
3045,4.680000
3046,4.780000
3047,4.480000
3048,4.420000
3049,4.470000
3050,4.350000
3051,4.550000
3052,4.490000
3053,4.680000
3054,4.500000
3055,4.470000
3056,3.520000
3057,4.440000
3058,4.500000
3059,4.440000
3060,4.690000
3061,4.600000
3062,4.550000
3063,4.920000
3064,4.650000
3065,4.610000
3066,4.580000
3067,4.550000
3068,4.530000
3069,4.670000
3070,4.460000
3071,4.440000
3072,4.530000
3073,4.520000
3074,4.570000
3075,5.290000
3076,4.600000
3077,4.670000
3078,4.210000
3079,4.460000
3080,4.570000
3081,4.760000
3082,4.420000
3083,5.080000
3084,4.790000
3085,4.650000
3086,4.430000
3087,4.460000
3088,5.740000
3089,4.590000
3090,4.500000
3091,4.370000
3092,4.530000
3093,4.430000
3094,4.580000
3095,4.430000
3096,4.470000
3097,4.790000
3098,5.280000
3099,4.740000
3100,4.770000
3101,4.740000
3102,4.690000
3103,4.950000
3104,4.710000
3105,4.760000
3106,4.660000
3107,4.900000
3108,5.400000
3109,4.650000
3110,3.550000
3111,5.250000
3112,4.650000
3113,5.300000
3114,5.240000
3115,5.530000
3116,4.570000
3117,4.610000
3118,4.800000
3119,4.650000
3120,4.880000
3121,4.620000
3122,4.500000
3123,4.640000
3124,4.680000
3125,4.550000
3126,4.910000
3127,4.490000
3128,4.690000
3129,4.770000
3130,4.560000
3131,4.640000
3132,5.420000
3133,4.650000
3134,4.650000
3135,4.630000
3136,4.430000
3137,4.550000
3138,4.770000
3139,4.830000
3140,4.510000
3141,4.440000
3142,4.510000
3143,4.460000
3144,4.460000
3145,4.680000
3146,5.220000
3147,4.630000
3148,4.450000
3149,4.530000
3150,4.580000
3151,4.570000
3152,4.510000
3153,4.390000
3154,4.540000
3155,4.520000
3156,4.590000
3157,4.560000
3158,4.430000
3159,4.690000
3160,4.500000
3161,5.630000
3162,4.770000
3163,4.410000
3164,4.530000
3165,4.460000
3166,4.600000
3167,4.450000
3168,4.310000
3169,4.630000
3170,4.460000
3171,4.500000
3172,4.540000
3173,4.580000
3174,4.760000
3175,4.460000
3176,4.550000
3177,4.470000
3178,4.540000
3179,4.390000
3180,4.550000
3181,5.660000
3182,4.630000
3183,4.590000
3184,4.570000
3185,4.820000
3186,4.500000
3187,4.580000
3188,4.980000
3189,4.600000
3190,4.800000
3191,4.840000
3192,4.400000
3193,5.020000
3194,4.460000
3195,4.390000
3196,4.590000
3197,4.530000
3198,4.660000
3199,4.510000
3200,4.550000
3201,4.500000
3202,4.680000
3203,4.500000
3204,4.440000
3205,4.560000
3206,4.690000
3207,4.750000
3208,4.570000
3209,4.580000
3210,4.450000
3211,4.400000
3212,4.740000
3213,4.550000
3214,4.540000
3215,4.450000
3216,4.520000
3217,4.500000
3218,4.690000
3219,4.420000
3220,4.620000
3221,4.400000
3222,4.400000
3223,4.570000
3224,4.390000
3225,4.450000
3226,4.520000
3227,4.600000
3228,4.500000
3229,4.550000
3230,4.460000
3231,4.520000
3232,4.450000
3233,4.630000
3234,4.490000
3235,4.400000
3236,4.470000
3237,4.480000
3238,4.710000
3239,4.500000
3240,4.550000
3241,4.600000
3242,4.500000
3243,4.520000
3244,4.460000
3245,4.540000
3246,4.420000
3247,4.360000
3248,7.630000
3249,4.490000
3250,4.440000
3251,4.490000
3252,5.950000
3253,4.960000
3254,5.630000
3255,4.480000
3256,5.230000
3257,4.520000
3258,4.510000
3259,4.590000
3260,4.500000
3261,4.570000
3262,4.400000
3263,4.480000
3264,4.760000
3265,4.550000
3266,4.750000
3267,4.430000
3268,4.340000
3269,4.520000
3270,4.520000
3271,4.770000
3272,4.690000
3273,4.530000
3274,4.700000
3275,4.640000
3276,4.540000
3277,4.690000
3278,4.950000
3279,4.450000
3280,4.930000
3281,4.390000
3282,4.800000
3283,4.670000
3284,5.160000
3285,4.500000
3286,4.470000
3287,4.440000
3288,5.030000
3289,4.820000
3290,4.520000
3291,4.510000
3292,3.680000
3293,4.480000
3294,5.050000
3295,5.040000
3296,4.480000
3297,4.430000
3298,4.510000
3299,4.460000
3300,4.500000
3301,4.320000
3302,3.290000
3303,4.460000
3304,4.470000
3305,4.770000
3306,4.630000
3307,7.590000
3308,4.480000
3309,4.660000
3310,4.460000
3311,4.740000
3312,5.230000
3313,4.510000
3314,4.390000
3315,4.580000
3316,4.580000
3317,4.720000
3318,4.640000
3319,4.440000
3320,4.810000
3321,4.480000
3322,4.630000
3323,4.410000
3324,4.710000
3325,4.470000
3326,4.550000
3327,4.570000
3328,4.630000
3329,4.480000
3330,5.070000
3331,4.760000
3332,4.510000
3333,4.950000
3334,4.930000
3335,4.970000
3336,4.490000
3337,4.580000
3338,4.440000
3339,5.600000
3340,4.630000
3341,5.240000
3342,4.530000
3343,4.570000
3344,4.390000
3345,4.400000
3346,4.700000
3347,4.410000
3348,4.420000
3349,4.510000
3350,4.430000
3351,4.750000
3352,4.760000
3353,4.860000
3354,4.600000
3355,4.600000
3356,5.390000
3357,4.380000
3358,4.400000
3359,4.510000
3360,4.860000
3361,4.700000
3362,4.540000
3363,4.780000
3364,4.480000
3365,4.620000
3366,4.410000
3367,4.530000
3368,4.760000
3369,4.500000
3370,4.470000
3371,4.660000
3372,4.510000
3373,4.570000
3374,4.510000
3375,4.510000
3376,4.440000
3377,4.490000
3378,4.850000
3379,4.840000
3380,4.490000
3381,4.450000
3382,5.470000
3383,4.590000
3384,5.110000
3385,4.510000
3386,4.540000
3387,4.470000
3388,4.470000
3389,4.490000
3390,4.790000
3391,5.360000
3392,5.030000
3393,5.050000
3394,5.080000
3395,4.480000
3396,4.570000
3397,4.820000
3398,4.530000
3399,4.520000
3400,4.500000
3401,4.410000
3402,5.530000
3403,4.430000
3404,4.600000
3405,4.460000
3406,4.400000
3407,4.820000
3408,4.320000
3409,4.550000
3410,4.440000
3411,4.490000
3412,4.530000
3413,4.450000
3414,4.760000
3415,4.560000
3416,3.710000
3417,4.020000
3418,4.470000
3419,4.440000
3420,4.590000
3421,4.530000
3422,4.450000
3423,4.450000
3424,4.810000
3425,4.400000
3426,4.440000
3427,4.340000
3428,5.180000
3429,4.540000
3430,4.670000
3431,4.470000
3432,4.450000
3433,4.580000
3434,5.060000
3435,4.520000
3436,4.570000
3437,4.040000
3438,4.660000
3439,4.700000
3440,4.660000
3441,4.500000
3442,4.800000
3443,4.000000
3444,4.500000
3445,4.550000
3446,4.550000
3447,4.680000
3448,4.720000
3449,4.520000
3450,4.460000
3451,4.740000
3452,4.440000
3453,4.470000
3454,5.630000
3455,4.530000
3456,4.350000
3457,4.380000
3458,4.410000
3459,4.390000
3460,4.420000
3461,4.430000
3462,4.410000
3463,4.470000
3464,4.540000
3465,4.710000
3466,4.480000
3467,4.360000
3468,4.410000
3469,4.640000
3470,4.290000
3471,4.450000
3472,4.480000
3473,4.540000
3474,4.410000
3475,4.490000
3476,4.390000
3477,4.490000
3478,4.510000
3479,4.490000
3480,4.440000
3481,4.490000
3482,3.600000
3483,5.350000
3484,5.250000
3485,4.710000
3486,4.510000
3487,4.440000
3488,4.520000
3489,4.610000
3490,4.520000
3491,4.420000
3492,4.510000
3493,4.500000
3494,4.480000
3495,4.490000
3496,4.320000
3497,4.480000
3498,4.370000
3499,4.490000
3500,4.440000
3501,4.510000
3502,4.370000
3503,5.110000
3504,4.440000
3505,4.450000
3506,4.890000
3507,4.570000
3508,5.010000
3509,4.610000
3510,4.470000
3511,4.440000
3512,4.350000
3513,4.450000
3514,4.790000
3515,4.500000
3516,4.390000
3517,5.190000
3518,4.460000
3519,4.380000
3520,4.500000
3521,4.410000
3522,4.440000
3523,4.580000
3524,4.400000
3525,4.490000
3526,4.790000
3527,4.450000
3528,4.390000
3529,4.420000
3530,4.730000
3531,4.540000
3532,4.530000
3533,4.430000
3534,4.490000
3535,4.620000
3536,4.160000
3537,4.490000
3538,4.500000
3539,4.530000
3540,4.430000
3541,4.310000
3542,4.740000
3543,4.420000
3544,4.430000
3545,4.460000
3546,4.590000
3547,4.660000
3548,4.400000
3549,4.520000
3550,4.600000
3551,4.480000
3552,4.590000
3553,4.490000
3554,5.120000
3555,4.420000
3556,4.660000
3557,4.460000
3558,4.370000
3559,4.500000
3560,4.400000
3561,4.570000
3562,5.160000
3563,4.530000
3564,4.570000
3565,4.380000
3566,4.410000
3567,4.800000
3568,5.220000
3569,4.700000
3570,4.710000
3571,4.500000
3572,4.400000
3573,4.450000
3574,4.530000
3575,4.420000
3576,4.440000
3577,4.380000
3578,4.530000
3579,4.500000
3580,4.460000
3581,5.070000
3582,4.370000
3583,4.420000
3584,4.470000
3585,4.580000
3586,4.460000
3587,4.470000
3588,4.520000
3589,4.360000
3590,4.440000
3591,4.500000
3592,4.400000
3593,4.410000
3594,4.480000
3595,4.740000
3596,4.460000
3597,4.450000
3598,4.520000
3599,4.540000
3600,4.490000
3601,4.670000
3602,4.420000
3603,4.520000
3604,4.480000
3605,5.170000
3606,4.470000
3607,4.490000
3608,4.530000
3609,4.500000
3610,4.350000
3611,4.530000
3612,4.880000
3613,4.540000
3614,4.430000
3615,4.510000
3616,4.490000
3617,4.470000
3618,4.800000
3619,4.490000
3620,4.510000
3621,4.520000
3622,4.390000
3623,4.450000
3624,4.490000
3625,4.500000
3626,4.500000
3627,4.470000
3628,4.460000
3629,4.430000
3630,4.490000
3631,4.520000
3632,4.490000
3633,4.550000
3634,4.500000
3635,4.530000
3636,4.630000
3637,4.600000
3638,4.680000
3639,4.540000
3640,4.780000
3641,4.520000
3642,4.570000
3643,4.600000
3644,4.490000
3645,4.900000
3646,5.250000
3647,4.580000
3648,4.710000
3649,4.430000
3650,4.600000
3651,4.760000
3652,4.810000
3653,4.520000
3654,4.560000
3655,4.870000
3656,4.490000
3657,4.470000
3658,4.530000
3659,4.860000
3660,4.410000
3661,4.500000
3662,5.170000
3663,4.490000
3664,4.630000
3665,4.570000
3666,5.250000
3667,4.450000
3668,4.570000
3669,4.510000
3670,4.620000
3671,4.510000
3672,4.540000
3673,4.380000
3674,4.450000
3675,4.900000
3676,4.550000
3677,4.580000
3678,4.500000
3679,4.570000
3680,4.450000
3681,4.520000
3682,5.070000
3683,4.860000
3684,4.540000
3685,4.540000
3686,4.580000
3687,4.570000
3688,4.540000
3689,4.470000
3690,4.450000
3691,4.420000
3692,4.440000
3693,4.510000
3694,4.600000
3695,4.600000
3696,4.530000
3697,4.460000
3698,4.350000
3699,4.360000
3700,4.590000
3701,4.300000
3702,4.530000
3703,4.410000
3704,4.300000
3705,5.220000
3706,4.640000
3707,4.530000
3708,4.510000
3709,4.490000
3710,4.520000
3711,4.600000
3712,4.600000
3713,4.570000
3714,5.260000
3715,4.530000
3716,4.280000
3717,4.770000
3718,4.570000
3719,4.530000
3720,4.680000
3721,4.510000
3722,4.840000
3723,4.510000
3724,4.520000
3725,4.490000
3726,4.640000
3727,4.440000
3728,4.450000
3729,4.470000
3730,4.570000
3731,4.800000
3732,4.470000
3733,4.880000
3734,4.910000
3735,4.700000
3736,4.480000
3737,4.590000
3738,4.450000
3739,4.620000
3740,4.540000
3741,4.440000
3742,4.340000
3743,4.450000
3744,4.510000
3745,4.580000
3746,4.470000
3747,4.510000
3748,4.500000
3749,4.410000
3750,5.110000
3751,4.380000
3752,4.360000
3753,4.530000
3754,5.200000
3755,4.710000
3756,5.220000
3757,4.390000
3758,4.530000
3759,4.500000
3760,4.430000
3761,4.460000
3762,4.570000
3763,4.560000
3764,4.440000
3765,4.520000
3766,4.380000
3767,4.360000
3768,4.470000
3769,4.500000
3770,4.610000
3771,4.720000
3772,4.720000
3773,4.390000
3774,4.480000
3775,4.480000
3776,4.430000
3777,4.720000
3778,4.420000
3779,4.610000
3780,4.550000
3781,4.500000
3782,4.630000
3783,5.510000
3784,4.680000
3785,4.630000
3786,4.830000
3787,4.650000
3788,4.670000
3789,4.510000
3790,4.570000
3791,4.530000
3792,4.660000
3793,4.600000
3794,4.700000
3795,4.670000
3796,5.200000
3797,4.650000
3798,4.730000
3799,4.280000
3800,4.670000
3801,4.760000
3802,4.610000
3803,4.860000
3804,5.000000
3805,4.620000
3806,4.720000
3807,4.910000
3808,4.510000
3809,4.820000
3810,4.760000
3811,4.730000
3812,4.670000
3813,4.160000
3814,4.460000
3815,4.370000
3816,4.640000
3817,4.440000
3818,4.440000
3819,4.610000
3820,4.430000
3821,4.490000
3822,4.330000
3823,4.850000
3824,4.370000
3825,4.460000
3826,3.310000
3827,5.070000
3828,4.530000
3829,4.480000
3830,4.360000
3831,4.470000
3832,4.470000
3833,5.810000
3834,4.490000
3835,4.410000
3836,4.350000
3837,4.480000
3838,4.520000
3839,4.460000
3840,4.440000
3841,4.520000
3842,4.470000
3843,4.540000
3844,4.500000
3845,4.450000
3846,5.200000
3847,4.530000
3848,4.580000
3849,4.520000
3850,4.560000
3851,4.740000
3852,4.570000
3853,3.080000
3854,4.620000
3855,4.850000
3856,4.560000
3857,4.520000
3858,4.490000
3859,4.500000
3860,4.660000
3861,4.410000
3862,5.240000
3863,4.670000
3864,4.630000
3865,4.690000
3866,4.570000
3867,4.590000
3868,4.560000
3869,4.840000
3870,3.500000
3871,5.240000
3872,4.900000
3873,4.510000
3874,4.670000
3875,4.730000
3876,4.670000
3877,4.530000
3878,4.720000
3879,4.670000
3880,4.460000
3881,4.610000
3882,4.660000
3883,4.560000
3884,4.560000
3885,4.620000
3886,4.660000
3887,4.550000
3888,4.690000
3889,4.580000
3890,4.950000
3891,4.700000
3892,4.810000
3893,4.530000
3894,4.490000
3895,4.460000
3896,4.570000
3897,4.500000
3898,4.560000
3899,4.520000
3900,4.540000
3901,4.430000
3902,4.480000
3903,4.480000
3904,5.040000
3905,4.490000
3906,4.530000
3907,4.870000
3908,4.450000
3909,4.320000
3910,4.480000
3911,4.440000
3912,4.360000
3913,4.420000
3914,4.450000
3915,4.500000
3916,5.330000
3917,4.920000
3918,4.580000
3919,4.430000
3920,4.450000
3921,4.520000
3922,4.510000
3923,4.460000
3924,4.470000
3925,4.660000
3926,4.780000
3927,4.580000
3928,4.430000
3929,4.520000
3930,5.180000
3931,4.550000
3932,4.500000
3933,4.510000
3934,4.480000
3935,4.440000
3936,4.980000
3937,4.410000
3938,5.240000
3939,4.460000
3940,4.420000
3941,4.450000
3942,4.760000
3943,4.370000
3944,4.380000
3945,4.530000
3946,4.580000
3947,4.560000
3948,6.360000
3949,4.820000
3950,4.570000
3951,4.780000
3952,4.580000
3953,5.200000
3954,4.610000
3955,4.530000
3956,4.550000
3957,4.930000
3958,4.970000
3959,4.810000
3960,4.730000
3961,4.580000
3962,4.530000
3963,4.730000
3964,4.750000
3965,4.720000
3966,4.860000
3967,5.240000
3968,4.810000
3969,4.840000
3970,4.370000
3971,4.410000
3972,4.790000
3973,4.700000
3974,4.700000
3975,4.360000
3976,4.510000
3977,4.660000
3978,4.890000
3979,4.580000
3980,4.780000
3981,4.350000
3982,4.560000
3983,4.470000
3984,4.780000
3985,4.480000
3986,5.960000
3987,4.660000
3988,5.280000
3989,5.080000
3990,4.460000
3991,5.010000
3992,4.620000
3993,4.460000
3994,4.850000
3995,4.460000
3996,5.100000
3997,5.120000
3998,4.580000
3999,4.470000
4000,4.530000
4001,4.440000
4002,4.450000
4003,4.360000
4004,4.450000
4005,4.470000
4006,4.800000
4007,4.410000
4008,5.030000
4009,4.680000
4010,4.520000
4011,4.560000
4012,4.520000
4013,4.650000
4014,4.600000
4015,5.030000
4016,4.480000
4017,4.670000
4018,4.390000
4019,4.430000
4020,4.470000
4021,4.420000
4022,4.390000
4023,4.400000
4024,5.090000
4025,4.450000
4026,4.560000
4027,4.470000
4028,4.380000
4029,4.940000
4030,4.690000
4031,4.600000
4032,4.420000
4033,5.340000
4034,4.440000
4035,4.770000
4036,4.490000
4037,4.490000
4038,4.460000
4039,4.430000
4040,4.550000
4041,4.450000
4042,4.550000
4043,4.800000
4044,4.560000
4045,4.840000
4046,4.450000
4047,4.700000
4048,4.460000
4049,4.430000
4050,4.450000
4051,4.800000
4052,5.360000
4053,4.460000
4054,4.360000
4055,4.430000
4056,4.410000
4057,4.510000
4058,4.770000
4059,5.180000
4060,4.470000
4061,4.830000
4062,3.520000
4063,4.480000
4064,4.440000
4065,4.380000
4066,5.220000
4067,5.750000
4068,4.350000
4069,4.520000
4070,4.420000
4071,4.370000
4072,4.510000
4073,4.510000
4074,4.490000
4075,4.530000
4076,5.580000
4077,4.550000
4078,4.550000
4079,4.480000
4080,4.910000
4081,4.510000
4082,5.100000
4083,4.580000
4084,4.850000
4085,4.670000
4086,4.700000
4087,4.390000
4088,4.490000
4089,4.470000
4090,4.380000
4091,4.590000
4092,4.440000
4093,4.720000
4094,4.520000
4095,4.820000
4096,4.550000
4097,4.510000
4098,4.670000
4099,4.370000
4100,4.490000
4101,4.410000
4102,4.540000
4103,4.550000
4104,4.380000
4105,4.470000
4106,4.420000
4107,4.420000
4108,5.000000
4109,4.450000
4110,4.490000
4111,4.790000
4112,4.500000
4113,4.580000
4114,4.500000
4115,4.510000
4116,4.590000
4117,4.530000
4118,5.270000
4119,4.580000
4120,4.530000
4121,5.770000
4122,4.610000
4123,4.440000
4124,4.480000
4125,4.410000
4126,4.420000
4127,4.500000
4128,4.420000
4129,4.360000
4130,4.460000
4131,4.420000
4132,4.390000
4133,4.480000
4134,4.430000
4135,4.500000
4136,4.490000
4137,4.500000
4138,4.550000
4139,4.550000
4140,4.590000
4141,4.820000
4142,4.770000
4143,4.450000
4144,4.570000
4145,4.590000
4146,4.430000
4147,4.550000
4148,4.470000
4149,4.500000
4150,4.460000
4151,4.460000
4152,4.460000
4153,4.480000
4154,4.450000
4155,4.550000
4156,4.410000
4157,4.320000
4158,3.990000
4159,4.530000
4160,4.470000
4161,4.370000
4162,5.300000
4163,4.450000
4164,4.510000
4165,4.760000
4166,4.840000
4167,4.440000
4168,4.860000
4169,4.530000
4170,4.660000
4171,5.180000
4172,4.820000
4173,4.350000
4174,4.480000
4175,4.590000
4176,4.590000
4177,4.570000
4178,4.510000
4179,4.470000
4180,4.510000
4181,4.460000
4182,4.380000
4183,4.420000
4184,4.750000
4185,4.590000
4186,4.370000
4187,4.820000
4188,4.600000
4189,4.910000
4190,4.550000
4191,4.540000
4192,5.270000
4193,5.540000
4194,4.590000
4195,4.580000
4196,4.500000
4197,4.610000
4198,4.860000
4199,4.490000
4200,4.390000
4201,4.550000
4202,4.480000
4203,4.490000
4204,4.460000
4205,4.560000
4206,4.520000
4207,4.480000
4208,4.530000
4209,4.360000
4210,4.500000
4211,4.470000
4212,4.460000
4213,5.390000
4214,4.690000
4215,4.480000
4216,4.460000
4217,4.870000
4218,4.550000
4219,4.570000
4220,4.570000
4221,4.560000
4222,4.550000
4223,5.800000
4224,4.470000
4225,4.550000
4226,4.650000
4227,5.390000
4228,4.510000
4229,5.000000
4230,4.610000
4231,4.550000
4232,4.640000
4233,4.490000
4234,4.530000
4235,4.550000
4236,4.490000
4237,4.490000
4238,4.790000
4239,4.770000
4240,4.530000
4241,7.750000
4242,4.380000
4243,4.490000
4244,4.440000
4245,4.510000
4246,4.520000
4247,4.500000
4248,4.450000
4249,4.440000
4250,4.470000
4251,4.460000
4252,4.730000
4253,4.570000
4254,4.620000
4255,4.720000
4256,4.500000
4257,4.510000
4258,4.530000
4259,4.520000
4260,4.380000
4261,4.440000
4262,4.160000
4263,4.700000
4264,4.530000
4265,4.540000
4266,4.520000
4267,4.400000
4268,4.480000
4269,4.560000
4270,4.490000
4271,4.530000
4272,5.170000
4273,5.040000
4274,4.570000
4275,4.510000
4276,4.450000
4277,4.550000
4278,5.450000
4279,4.690000
4280,4.520000
4281,4.540000
4282,4.580000
4283,4.570000
4284,4.540000
4285,4.800000
4286,4.510000
4287,4.540000
4288,4.970000
4289,4.560000
4290,4.460000
4291,4.520000
4292,4.830000
4293,4.790000
4294,4.780000
4295,4.630000
4296,4.560000
4297,4.480000
4298,4.450000
4299,4.400000
4300,4.760000
4301,4.570000
4302,3.840000
4303,5.150000
4304,4.450000
4305,4.510000
4306,4.550000
4307,4.470000
4308,5.430000
4309,4.650000
4310,4.610000
4311,4.770000
4312,4.580000
4313,4.570000
4314,4.710000
4315,4.700000
4316,4.540000
4317,4.510000
4318,3.660000
4319,4.550000
4320,4.580000
4321,4.550000
4322,4.620000
4323,4.540000
4324,4.680000
4325,4.590000
4326,4.740000
4327,4.910000
4328,4.590000
4329,4.570000
4330,4.660000
4331,4.630000
4332,4.690000
4333,5.010000
4334,4.660000
4335,4.670000
4336,5.780000
4337,4.880000
4338,4.570000
4339,4.680000
4340,3.470000
4341,4.630000
4342,4.500000
4343,4.580000
4344,4.820000
4345,4.470000
4346,4.480000
4347,4.610000
4348,4.550000
4349,4.650000
4350,4.610000
4351,4.890000
4352,4.630000
4353,4.910000
4354,4.400000
4355,4.760000
4356,4.550000
4357,4.680000
4358,4.330000
4359,4.810000
4360,4.560000
4361,4.540000
4362,4.900000
4363,4.630000
4364,4.610000
4365,4.470000
4366,4.450000
4367,4.440000
4368,4.440000
4369,4.470000
4370,4.400000
4371,5.000000
4372,4.570000
4373,4.570000
4374,4.370000
4375,4.530000
4376,5.220000
4377,4.520000
4378,4.380000
4379,5.060000
4380,4.680000
4381,4.460000
4382,4.440000
4383,4.450000
4384,4.580000
4385,4.540000
4386,4.560000
4387,5.450000
4388,4.440000
4389,4.480000
4390,4.840000
4391,4.500000
4392,4.300000
4393,4.360000
4394,4.470000
4395,4.540000
4396,4.730000
4397,4.670000
4398,4.670000
4399,4.550000
4400,4.510000
4401,4.470000
4402,4.790000
4403,4.440000
4404,4.540000
4405,4.500000
4406,4.680000
4407,4.500000
4408,4.910000
4409,4.530000
4410,4.510000
4411,4.630000
4412,4.510000
4413,4.690000
4414,4.410000
4415,4.580000
4416,4.510000
4417,4.550000
4418,4.440000
4419,4.570000
4420,4.510000
4421,4.490000
4422,4.530000
4423,4.520000
4424,4.460000
4425,5.620000
4426,4.580000
4427,5.020000
4428,4.980000
4429,4.490000
4430,5.940000
4431,4.440000
4432,4.470000
4433,4.680000
4434,4.570000
4435,4.550000
4436,4.450000
4437,5.420000
4438,4.580000
4439,4.450000
4440,4.520000
4441,4.620000
4442,4.480000
4443,5.120000
4444,4.470000
4445,4.680000
4446,4.460000
4447,4.630000
4448,4.520000
4449,4.900000
4450,4.450000
4451,4.610000
4452,4.500000
4453,4.390000
4454,4.970000
4455,4.700000
4456,4.460000
4457,4.650000
4458,4.580000
4459,4.490000
4460,4.510000
4461,4.590000
4462,4.520000
4463,4.540000
4464,4.610000
4465,4.460000
4466,4.450000
4467,4.580000
4468,4.470000
4469,4.730000
4470,4.580000
4471,5.550000
4472,4.460000
4473,4.410000
4474,4.510000
4475,4.480000
4476,4.910000
4477,4.610000
4478,4.930000
4479,4.570000
4480,4.840000
4481,4.590000
4482,4.510000
4483,5.180000
4484,4.170000
4485,4.450000
4486,4.500000
4487,4.610000
4488,4.370000
4489,4.570000
4490,3.240000
4491,4.550000
4492,4.570000
4493,4.520000
4494,4.510000
4495,4.710000
4496,4.320000
4497,4.600000
4498,4.430000
4499,5.190000
4500,4.710000
4501,4.850000
4502,4.520000
4503,4.760000
4504,4.420000
4505,5.130000
4506,4.560000
4507,4.590000
4508,4.400000
4509,4.620000
4510,3.180000
4511,4.600000
4512,4.450000
4513,4.510000
4514,4.990000
4515,4.410000
4516,4.470000
4517,4.480000
4518,4.470000
4519,4.520000
4520,4.460000
4521,4.880000
4522,4.970000
4523,4.580000
4524,4.800000
4525,4.530000
4526,5.260000
4527,5.210000
4528,4.420000
4529,5.130000
4530,4.830000
4531,4.460000
4532,4.620000
4533,3.750000
4534,4.490000
4535,4.330000
4536,4.500000
4537,4.420000
4538,4.440000
4539,4.550000
4540,4.520000
4541,4.730000
4542,4.790000
4543,5.800000
4544,4.520000
4545,4.550000
4546,4.560000
4547,4.530000
4548,4.710000
4549,4.620000
4550,4.430000
4551,4.470000
4552,4.490000
4553,4.750000
4554,4.500000
4555,4.400000
4556,4.490000
4557,4.500000
4558,4.470000
4559,4.540000
4560,4.380000
4561,4.550000
4562,4.520000
4563,4.450000
4564,4.480000
4565,4.600000
4566,4.460000
4567,4.980000
4568,4.530000
4569,4.350000
4570,4.570000
4571,4.520000
4572,4.370000
4573,4.380000
4574,5.080000
4575,4.590000
4576,4.490000
4577,4.470000
4578,4.660000
4579,4.500000
4580,4.480000
4581,4.830000
4582,4.500000
4583,4.620000
4584,4.570000
4585,4.350000
4586,4.310000
4587,4.380000
4588,4.320000
4589,4.430000
4590,4.680000
4591,4.560000
4592,4.750000
4593,4.450000
4594,4.480000
4595,4.460000
4596,4.430000
4597,3.240000
4598,4.590000
4599,4.620000
4600,4.470000
4601,4.550000
4602,4.540000
4603,4.950000
4604,4.520000
4605,5.590000
4606,4.500000
4607,4.260000
4608,4.340000
4609,4.310000
4610,4.400000
4611,4.550000
4612,4.420000
4613,4.500000
4614,4.750000
4615,4.470000
4616,4.720000
4617,5.220000
4618,4.380000
4619,4.420000
4620,4.530000
4621,4.450000
4622,4.480000
4623,5.590000
4624,4.380000
4625,4.380000
4626,4.420000
4627,4.840000
4628,4.340000
4629,4.430000
4630,4.330000
4631,4.490000
4632,4.380000
4633,4.420000
4634,4.770000
4635,4.460000
4636,4.920000
4637,5.670000
4638,4.410000
4639,4.450000
4640,4.450000
4641,4.680000
4642,4.600000
4643,5.090000
4644,5.150000
4645,4.570000
4646,4.480000
4647,4.440000
4648,4.490000
4649,4.640000
4650,4.480000
4651,4.490000
4652,4.430000
4653,4.630000
4654,4.300000
4655,4.530000
4656,4.460000
4657,4.570000
4658,4.710000
4659,4.740000
4660,4.500000
4661,5.600000
4662,4.400000
4663,4.720000
4664,4.430000
4665,4.420000
4666,4.880000
4667,4.420000
4668,4.390000
4669,4.420000
4670,4.530000
4671,4.610000
4672,4.600000
4673,5.340000
4674,4.480000
4675,4.480000
4676,5.150000
4677,4.540000
4678,4.480000
4679,4.530000
4680,4.480000
4681,4.330000
4682,5.500000
4683,5.060000
4684,4.510000
4685,4.820000
4686,4.640000
4687,4.410000
4688,4.920000
4689,4.480000
4690,4.510000
4691,4.510000
4692,4.520000
4693,4.210000
4694,4.500000
4695,4.790000
4696,4.650000
4697,4.600000
4698,4.440000
4699,4.680000
4700,6.380000
4701,4.740000
4702,4.640000
4703,4.650000
4704,4.760000
4705,4.630000
4706,4.880000
4707,4.550000
4708,4.700000
4709,4.590000
4710,4.610000
4711,4.690000
4712,5.330000
4713,4.500000
4714,4.750000
4715,5.440000
4716,4.740000
4717,4.680000
4718,4.690000
4719,4.530000
4720,4.830000
4721,4.580000
4722,4.820000
4723,4.790000
4724,4.890000
4725,4.520000
4726,4.610000
4727,4.560000
4728,4.450000
4729,4.470000
4730,4.600000
4731,4.500000
4732,4.640000
4733,4.640000
4734,4.630000
4735,4.640000
4736,4.740000
4737,4.710000
4738,5.240000
4739,4.950000
4740,4.130000
4741,4.660000
4742,5.420000
4743,4.530000
4744,4.420000
4745,4.360000
4746,4.360000
4747,4.530000
4748,4.630000
4749,3.360000
4750,4.350000
4751,4.500000
4752,4.410000
4753,4.580000
4754,4.430000
4755,4.360000
4756,4.820000
4757,4.510000
4758,4.490000
4759,4.520000
4760,4.670000
4761,4.450000
4762,5.130000
4763,4.710000
4764,4.400000
4765,4.540000
4766,4.520000
4767,4.830000
4768,4.530000
4769,4.330000
4770,4.480000
4771,4.690000
4772,4.420000
4773,4.420000
4774,4.870000
4775,4.390000
4776,5.280000
4777,4.870000
4778,4.580000
4779,4.580000
4780,5.350000
4781,4.510000
4782,4.460000
4783,4.480000
4784,4.640000
4785,4.430000
4786,4.520000
4787,4.480000
4788,4.490000
4789,4.570000
4790,4.460000
4791,4.470000
4792,4.570000
4793,4.530000
4794,4.620000
4795,4.380000
4796,4.480000
4797,4.460000
4798,5.010000
4799,4.430000
4800,5.430000
4801,4.550000
4802,4.530000
4803,4.700000
4804,4.690000
4805,4.590000
4806,4.540000
4807,4.620000
4808,4.570000
4809,4.590000
4810,4.900000
4811,4.580000
4812,5.190000
4813,5.190000
4814,4.650000
4815,4.510000
4816,4.560000
4817,4.510000
4818,4.450000
4819,4.520000
4820,4.510000
4821,4.750000
4822,4.880000
4823,4.400000
4824,4.410000
4825,4.820000
4826,4.890000
4827,4.620000
4828,4.590000
4829,4.490000
4830,4.480000
4831,5.010000
4832,4.470000
4833,4.540000
4834,4.490000
4835,4.550000
4836,5.410000
4837,4.870000
4838,4.570000
4839,4.810000
4840,4.740000
4841,4.480000
4842,4.520000
4843,4.540000
4844,4.600000
4845,4.650000
4846,4.660000
4847,4.520000
4848,4.590000
4849,4.410000
4850,4.490000
4851,4.520000
4852,4.500000
4853,4.490000
4854,4.450000
4855,4.610000
4856,4.650000
4857,4.750000
4858,4.490000
4859,5.150000
4860,4.420000
4861,4.390000
4862,4.510000
4863,4.460000
4864,5.010000
4865,5.220000
4866,4.550000
4867,4.450000
4868,4.730000
4869,4.490000
4870,4.610000
4871,4.460000
4872,4.500000
4873,4.470000
4874,4.520000
4875,4.450000
4876,4.670000
4877,4.560000
4878,4.510000
4879,4.510000
4880,4.520000
4881,5.180000
4882,6.040000
4883,4.590000
4884,4.440000
4885,4.310000
4886,4.470000
4887,4.540000
4888,4.570000
4889,4.490000
4890,4.470000
4891,4.530000
4892,4.410000
4893,4.480000
4894,4.450000
4895,4.460000
4896,4.450000
4897,4.840000
4898,4.400000
4899,4.370000
4900,4.980000
4901,4.910000
4902,4.540000
4903,4.740000
4904,4.350000
4905,4.540000
4906,4.770000
4907,4.490000
4908,4.480000
4909,4.510000
4910,4.600000
4911,4.520000
4912,4.490000
4913,5.760000
4914,4.580000
4915,4.600000
4916,5.060000
4917,4.710000
4918,6.400000
4919,4.510000
4920,4.590000
4921,4.460000
4922,4.430000
4923,4.560000
4924,4.520000
4925,4.670000
4926,4.490000
4927,4.500000
4928,4.220000
4929,4.400000
4930,4.550000
4931,4.570000
4932,4.740000
4933,5.010000
4934,4.770000
4935,4.470000
4936,4.490000
4937,4.570000
4938,4.470000
4939,4.430000
4940,4.470000
4941,4.480000
4942,4.500000
4943,4.670000
4944,4.800000
4945,4.570000
4946,4.480000
4947,4.580000
4948,4.460000
4949,4.820000
4950,4.570000
4951,4.480000
4952,4.510000
4953,4.500000
4954,4.480000
4955,4.550000
4956,4.680000
4957,4.660000
4958,4.470000
4959,4.500000
4960,4.270000
4961,2.810000
4962,4.590000
4963,4.570000
4964,4.490000
4965,4.620000
4966,4.770000
4967,4.490000
4968,4.600000
4969,4.470000
4970,5.200000
4971,4.540000
4972,5.470000
4973,4.530000
4974,4.410000
4975,4.520000
4976,4.510000
4977,4.520000
4978,4.990000
4979,5.450000
4980,4.560000
4981,4.580000
4982,4.530000
4983,4.470000
4984,4.420000
4985,4.510000
4986,4.600000
4987,4.400000
4988,4.570000
4989,4.470000
4990,4.440000
4991,4.400000
4992,4.460000
4993,4.570000
4994,4.520000
4995,4.520000
4996,4.540000
4997,4.570000
4998,4.600000
4999,5.570000
5000,5.900000
5001,4.690000
5002,4.950000
5003,4.470000
5004,4.480000
5005,4.640000
5006,4.710000
5007,4.480000
5008,5.530000
5009,4.420000
5010,4.830000
5011,4.570000
5012,4.840000
5013,4.410000
5014,4.770000
5015,4.720000
5016,5.280000
5017,4.580000
5018,4.460000
5019,4.300000
5020,3.470000
5021,5.420000
5022,4.690000
5023,4.510000
5024,4.510000
5025,4.500000
5026,4.380000
5027,4.530000
5028,4.490000
5029,4.540000
5030,4.480000
5031,5.130000
5032,4.600000
5033,4.750000
5034,4.810000
5035,5.200000
5036,4.540000
5037,4.510000
5038,4.710000
5039,4.580000
5040,4.610000
5041,4.510000
5042,4.630000
5043,4.450000
5044,4.520000
5045,4.540000
5046,4.500000
5047,4.520000
5048,4.770000
5049,4.460000
5050,4.460000
5051,5.380000
5052,4.870000
5053,4.600000
5054,4.450000
5055,4.540000
5056,4.470000
5057,5.340000
5058,4.520000
5059,4.440000
5060,4.450000
5061,5.500000
5062,3.450000
5063,4.480000
5064,4.450000
5065,4.850000
5066,4.580000
5067,4.540000
5068,4.550000
5069,4.980000
5070,4.430000
5071,4.720000
5072,4.610000
5073,4.800000
5074,4.550000
5075,4.370000
5076,4.530000
5077,4.500000
5078,4.380000
5079,5.040000
5080,4.520000
5081,4.490000
5082,4.570000
5083,5.110000
5084,4.520000
5085,4.450000
5086,4.440000
5087,4.410000
5088,4.450000
5089,4.450000
5090,4.660000
5091,4.480000
5092,4.480000
5093,4.480000
5094,4.430000
5095,4.800000
5096,4.530000
5097,4.410000
5098,5.300000
5099,4.400000
5100,4.530000
5101,4.490000
5102,4.900000
5103,4.590000
5104,4.480000
5105,4.320000
5106,4.470000
5107,4.480000
5108,4.460000
5109,4.440000
5110,4.530000
5111,4.560000
5112,5.920000
5113,4.460000
5114,4.470000
5115,4.670000
5116,5.650000
5117,4.490000
5118,4.780000
5119,4.080000
5120,4.670000
5121,4.750000
5122,4.560000
5123,4.680000
5124,4.620000
5125,4.820000
5126,4.440000
5127,4.350000
5128,4.460000
5129,4.880000
5130,4.510000
5131,4.470000
5132,4.480000
5133,4.470000
5134,4.510000
5135,4.410000
5136,4.420000
5137,4.390000
5138,4.500000
5139,4.520000
5140,5.180000
5141,5.020000
5142,5.020000
5143,4.450000
5144,4.540000
5145,4.500000
5146,4.750000
5147,4.890000
5148,4.850000
5149,4.650000
5150,5.560000
5151,4.680000
5152,4.640000
5153,4.690000
5154,4.540000
5155,4.520000
5156,4.500000
5157,4.620000
5158,4.550000
5159,4.730000
5160,4.550000
5161,4.880000
5162,5.360000
5163,4.590000
5164,4.660000
5165,4.660000
5166,4.540000
5167,4.630000
5168,4.930000
5169,4.660000
5170,5.420000
5171,4.660000
5172,4.650000
5173,4.690000
5174,4.680000
5175,4.560000
5176,4.520000
5177,4.770000
5178,4.820000
5179,4.580000
5180,4.830000
5181,4.270000
5182,4.600000
5183,4.570000
5184,4.800000
5185,4.790000
5186,4.520000
5187,4.510000
5188,4.530000
5189,4.560000
5190,4.580000
5191,4.650000
5192,4.590000
5193,4.410000
5194,5.100000
5195,4.550000
5196,4.720000
5197,4.570000
5198,4.510000
5199,4.400000
5200,4.420000
5201,76.180000
5202,5.720000
5203,4.500000
5204,4.550000
5205,4.720000
5206,4.790000
5207,4.700000
5208,4.520000
5209,4.850000
5210,4.690000
5211,4.800000
5212,4.900000
5213,4.570000
5214,4.830000
5215,4.610000
5216,4.860000
5217,4.540000
5218,4.570000
5219,4.550000
5220,4.470000
5221,4.780000
5222,2.910000
5223,4.600000
5224,4.490000
5225,4.690000
5226,4.770000
5227,4.550000
5228,4.620000
5229,4.490000
5230,4.510000
5231,4.830000
5232,4.590000
5233,4.450000
5234,4.450000
5235,4.520000
5236,4.410000
5237,4.430000
5238,4.700000
5239,4.550000
5240,5.090000
5241,4.690000
5242,4.450000
5243,4.470000
5244,4.840000
5245,4.400000
5246,4.520000
5247,4.630000
5248,5.230000
5249,5.860000
5250,4.450000
5251,4.510000
5252,4.920000
5253,5.230000
5254,4.580000
5255,4.410000
5256,4.490000
5257,4.660000
5258,4.530000
5259,4.580000
5260,4.430000
5261,4.500000
5262,5.590000
5263,4.650000
5264,4.880000
5265,4.440000
5266,4.450000
5267,5.110000
5268,4.510000
5269,7.330000
5270,4.550000
5271,4.530000
5272,4.570000
5273,4.720000
5274,4.710000
5275,4.500000
5276,4.510000
5277,4.540000
5278,4.580000
5279,4.480000
5280,5.320000
5281,4.610000
5282,4.440000
5283,4.600000
5284,4.500000
5285,4.490000
5286,4.840000
5287,4.720000
5288,4.610000
5289,4.710000
5290,5.370000
5291,4.870000
5292,4.780000
5293,4.680000
5294,4.630000
5295,5.030000
5296,5.140000
5297,4.550000
5298,4.470000
5299,4.540000
5300,4.390000
5301,4.570000
5302,4.530000
5303,4.530000
5304,5.030000
5305,4.510000
5306,4.720000
5307,4.640000
5308,5.080000
5309,4.480000
5310,4.720000
5311,5.290000
5312,4.580000
5313,5.580000
5314,4.650000
5315,4.640000
5316,4.500000
5317,4.510000
5318,4.570000
5319,4.560000
5320,4.570000
5321,4.520000
5322,4.700000
5323,4.980000
5324,4.470000
5325,4.750000
5326,4.560000
5327,4.480000
5328,7.290000
5329,4.510000
5330,4.890000
5331,4.550000
5332,4.870000
5333,4.540000
5334,4.610000
5335,5.040000
5336,4.580000
5337,4.470000
5338,4.460000
5339,4.520000
5340,4.710000
5341,4.350000
5342,4.490000
5343,5.130000
5344,4.780000
5345,4.470000
5346,4.860000
5347,4.980000
5348,4.550000
5349,4.050000
5350,3.240000
5351,4.890000
5352,4.710000
5353,5.600000
5354,4.570000
5355,4.530000
5356,4.590000
5357,4.360000
5358,4.630000
5359,4.510000
5360,4.580000
5361,4.720000
5362,4.640000
5363,4.490000
5364,4.480000
5365,4.490000
5366,4.520000
5367,5.030000
5368,4.540000
5369,4.580000
5370,4.390000
5371,4.980000
5372,4.670000
5373,4.400000
5374,4.470000
5375,4.460000
5376,4.550000
5377,4.510000
5378,4.830000
5379,4.530000
5380,4.430000
5381,4.520000
5382,4.440000
5383,5.670000
5384,4.540000
5385,4.880000
5386,4.320000
5387,4.400000
5388,5.850000
5389,3.040000
5390,4.840000
5391,4.410000
5392,4.390000
5393,4.550000
5394,4.490000
5395,4.490000
5396,4.480000
5397,4.490000
5398,4.550000
5399,3.440000
5400,4.790000
5401,4.520000
5402,4.630000
5403,4.680000
5404,4.500000
5405,4.910000
5406,4.770000
5407,5.530000
5408,4.510000
5409,4.350000
5410,4.860000
5411,4.450000
5412,4.370000
5413,4.390000
5414,4.540000
5415,4.800000
5416,4.540000
5417,4.350000
5418,4.390000
5419,4.390000
5420,4.530000
5421,4.780000
5422,4.480000
5423,4.550000
5424,4.490000
5425,4.480000
5426,4.480000
5427,4.510000
5428,4.550000
5429,4.520000
5430,4.540000
5431,4.450000
5432,4.450000
5433,5.550000
5434,4.470000
5435,4.750000
5436,4.720000
5437,4.660000
5438,4.470000
5439,4.490000
5440,4.500000
5441,4.640000
5442,4.350000
5443,4.870000
5444,4.490000
5445,4.450000
5446,4.500000
5447,4.460000
5448,4.620000
5449,4.610000
5450,4.860000
5451,4.560000
5452,4.490000
5453,4.490000
5454,4.460000
5455,4.640000
5456,4.610000
5457,4.500000
5458,4.480000
5459,5.160000
5460,4.740000
5461,4.420000
5462,4.780000
5463,4.650000
5464,4.350000
5465,4.760000
5466,4.450000
5467,5.940000
5468,4.470000
5469,4.540000
5470,4.550000
5471,4.980000
5472,4.490000
5473,4.570000
5474,5.360000
5475,4.550000
5476,5.410000
5477,4.460000
5478,4.630000
5479,5.860000
5480,4.590000
5481,4.460000
5482,4.480000
5483,4.640000
5484,4.870000
5485,4.470000
5486,4.470000
5487,4.540000
5488,4.430000
5489,4.630000
5490,4.570000
5491,4.540000
5492,4.460000
5493,4.590000
5494,4.600000
5495,4.530000
5496,5.140000
5497,4.730000
5498,7.880000
5499,4.410000
5500,4.710000
5501,4.400000
5502,4.380000
5503,4.680000
5504,4.440000
5505,4.400000
5506,4.760000
5507,4.460000
5508,4.820000
5509,4.490000
5510,4.400000
5511,4.800000
5512,4.420000
5513,4.400000
5514,4.490000
5515,4.380000
5516,4.370000
5517,5.270000
5518,4.410000
5519,4.510000
5520,5.810000
5521,5.270000
5522,4.540000
5523,4.780000
5524,4.540000
5525,4.720000
5526,4.650000
5527,4.480000
5528,4.740000
5529,4.520000
5530,4.510000
5531,4.670000
5532,4.430000
5533,4.620000
5534,4.720000
5535,4.540000
5536,4.430000
5537,4.580000
5538,4.510000
5539,4.590000
5540,4.750000
5541,5.550000
5542,4.600000
5543,4.790000
5544,3.370000
5545,5.230000
5546,4.550000
5547,4.610000
5548,4.470000
5549,5.460000
5550,4.550000
5551,4.580000
5552,4.530000
5553,4.510000
5554,4.920000
5555,4.630000
5556,4.460000
5557,4.580000
5558,4.570000
5559,4.570000
5560,4.710000
5561,4.470000
5562,4.840000
5563,4.770000
5564,5.480000
5565,4.620000
5566,4.480000
5567,5.200000
5568,4.630000
5569,4.620000
5570,4.570000
5571,4.430000
5572,5.210000
5573,4.560000
5574,4.570000
5575,4.480000
5576,4.530000
5577,4.670000
5578,5.260000
5579,4.560000
5580,4.580000
5581,4.550000
5582,5.040000
5583,4.410000
5584,4.620000
5585,4.610000
5586,4.540000
5587,4.490000
5588,4.570000
5589,4.760000
5590,4.510000
5591,4.430000
5592,4.650000
5593,4.530000
5594,4.870000
5595,4.530000
5596,4.570000
5597,4.830000
5598,4.590000
5599,4.980000
5600,4.490000
5601,4.420000
5602,4.470000
5603,4.690000
5604,4.580000
5605,4.500000
5606,4.520000
5607,4.670000
5608,6.730000
5609,4.520000
5610,4.630000
5611,4.780000
5612,4.440000
5613,4.520000
5614,4.510000
5615,4.430000
5616,4.490000
5617,4.560000
5618,5.110000
5619,4.670000
5620,4.690000
5621,4.550000
5622,4.700000
5623,4.580000
5624,4.830000
5625,4.460000
5626,4.620000
5627,4.620000
5628,4.460000
5629,4.520000
5630,4.780000
5631,4.690000
5632,4.760000
5633,4.760000
5634,4.690000
5635,4.450000
5636,4.630000
5637,4.470000
5638,4.450000
5639,4.540000
5640,4.430000
5641,4.370000
5642,4.400000
5643,4.470000
5644,4.460000
5645,4.440000
5646,4.470000
5647,4.510000
5648,4.470000
5649,4.410000
5650,4.440000
5651,4.510000
5652,4.480000
5653,4.400000
5654,4.540000
5655,4.520000
5656,4.490000
5657,4.540000
5658,4.400000
5659,4.470000
5660,4.470000
5661,4.550000
5662,4.430000
5663,4.470000
5664,4.460000
5665,4.550000
5666,4.470000
5667,4.770000
5668,4.490000
5669,4.500000
5670,4.440000
5671,4.510000
5672,4.480000
5673,4.430000
5674,6.560000
5675,4.470000
5676,4.630000
5677,4.500000
5678,4.430000
5679,4.510000
5680,4.460000
5681,4.780000
5682,4.430000
5683,4.410000
5684,4.510000
5685,5.400000
5686,4.350000
5687,4.420000
5688,4.440000
5689,4.380000
5690,5.070000
5691,4.640000
5692,4.440000
5693,4.440000
5694,4.800000
5695,4.560000
5696,4.470000
5697,4.450000
5698,4.440000
5699,4.450000
5700,4.970000
5701,5.880000
5702,4.510000
5703,5.060000
5704,4.810000
5705,5.000000
5706,4.430000
5707,4.500000
5708,5.230000
5709,4.510000
5710,4.420000
5711,4.870000
5712,4.580000
5713,4.530000
5714,4.470000
5715,4.520000
5716,4.420000
5717,4.460000
5718,4.620000
5719,4.500000
5720,4.470000
5721,4.430000
5722,4.510000
5723,4.490000
5724,4.490000
5725,4.520000
5726,4.490000
5727,4.380000
5728,3.850000
5729,5.170000
5730,4.490000
5731,4.360000
5732,4.560000
5733,4.370000
5734,4.550000
5735,4.520000
5736,4.610000
5737,4.620000
5738,4.580000
5739,4.380000
5740,4.450000
5741,4.500000
5742,4.670000
5743,4.550000
5744,4.520000
5745,4.530000
5746,4.800000
5747,4.550000
5748,4.550000
5749,4.490000
5750,4.710000
5751,5.300000
5752,4.390000
5753,4.780000
5754,4.750000
5755,5.270000
5756,4.440000
5757,4.440000
5758,4.630000
5759,4.320000
5760,4.420000
5761,5.590000
5762,4.500000
5763,4.480000
5764,4.490000
5765,5.310000
5766,4.430000
5767,4.510000
5768,4.480000
5769,4.530000
5770,4.570000
5771,4.340000
5772,4.390000
5773,4.770000
5774,5.190000
5775,4.540000
5776,4.450000
5777,4.590000
5778,4.480000
5779,4.450000
5780,4.460000
5781,4.470000
5782,4.580000
5783,4.510000
5784,4.640000
5785,4.600000
5786,4.560000
5787,4.530000
5788,4.890000
5789,4.560000
5790,4.680000
5791,4.820000
5792,5.170000
5793,4.510000
5794,4.540000
5795,5.320000
5796,4.520000
5797,4.560000
5798,4.470000
5799,4.650000
5800,4.490000
5801,4.560000
5802,4.430000
5803,4.560000
5804,5.610000
5805,4.540000
5806,4.510000
5807,4.500000
5808,4.550000
5809,5.200000
5810,3.470000
5811,4.620000
5812,5.180000
5813,4.510000
5814,4.570000
5815,4.520000
5816,4.490000
5817,4.570000
5818,4.470000
5819,4.330000
5820,4.490000
5821,4.500000
5822,4.570000
5823,4.530000
5824,4.530000
5825,4.630000
5826,4.920000
5827,2.990000
5828,5.080000
5829,4.510000
5830,4.500000
5831,4.400000
5832,4.880000
5833,4.560000
5834,4.480000
5835,4.510000
5836,4.960000
5837,4.440000
5838,4.520000
5839,4.830000
5840,4.710000
5841,4.400000
5842,4.510000
5843,4.510000
5844,4.600000
5845,4.520000
5846,4.550000
5847,4.530000
5848,4.470000
5849,4.470000
5850,4.500000
5851,4.690000
5852,4.470000
5853,4.500000
5854,4.810000
5855,4.490000
5856,4.760000
5857,4.650000
5858,4.600000
5859,4.650000
5860,4.860000
5861,4.650000
5862,4.810000
5863,4.850000
5864,4.540000
5865,4.510000
5866,4.500000
5867,4.640000
5868,5.310000
5869,4.650000
5870,4.570000
5871,4.520000
5872,5.130000
5873,4.470000
5874,4.530000
5875,4.540000
5876,4.690000
5877,4.540000
5878,4.620000
5879,4.560000
5880,4.480000
5881,4.480000
5882,4.510000
5883,4.500000
5884,4.710000
5885,4.600000
5886,4.570000
5887,4.650000
5888,5.730000
5889,4.870000
5890,4.510000
5891,4.540000
5892,4.490000
5893,4.750000
5894,4.410000
5895,4.740000
5896,4.510000
5897,5.020000
5898,4.450000
5899,4.380000
5900,4.380000
5901,4.380000
5902,4.640000
5903,4.390000
5904,4.630000
5905,4.450000
5906,4.360000
5907,4.420000
5908,4.480000
5909,4.430000
5910,4.400000
5911,4.980000
5912,4.470000
5913,4.370000
5914,4.390000
5915,4.500000
5916,4.400000
5917,4.360000
5918,4.460000
5919,4.530000
5920,5.230000
5921,4.430000
5922,4.420000
5923,4.390000
5924,4.430000
5925,4.390000
5926,4.320000
5927,4.400000
5928,4.720000
5929,4.470000
5930,4.430000
5931,4.580000
5932,4.420000
5933,4.610000
5934,4.530000
5935,4.460000
5936,4.410000
5937,4.410000
5938,4.380000
5939,4.520000
5940,4.420000
5941,4.890000
5942,4.580000
5943,3.540000
5944,4.680000
5945,4.410000
5946,4.470000
5947,4.630000
5948,4.550000
5949,4.500000
5950,4.500000
5951,3.590000
5952,4.460000
5953,4.500000
5954,4.500000
5955,4.540000
5956,4.450000
5957,4.430000
5958,4.560000
5959,4.510000
5960,4.500000
5961,4.530000
5962,4.810000
